Geocode,Geo Name,GNR,POP_2016,POP_MIZ,POP_MIZ_RATE,POP_LRG_POP_CNTR,LRG_POP_CNTR_RATE,POP_MED_POP_CNTR,MED_POP_CNTR_RATE,POP_SML_POP_CNTRE,SML_POP_CNTRE_RATE,POP_RRL,RRL_RATE,POP_DENSE,CENSUS_FAM_PRIV_HHLDS,LONE,LONE_RATE,LONE_FEMALE,LONE_FEMALE_RATE,LONE_MALE,LONE_MALE_RATE,GNR,POP_PRIV_HHLD_2016,POP_25_29,HSG,HSG_RATE,HSG_ONLY,HSG_ONLY_RATE,HSG_PSG_BELOW_BACH,HSG_PSG_BELOW_BACH_RATE,HSG_PSG_BACH,HSG_PSG_BACH_RATE,HSG_PSG_ABOVE_BACH,HSG_PSG_ABOVE_BACH_RATE,POP_25_54,PSG,PSG_RATE,PSG_BELOW_BACH,PSG_BELOW_BACH_RATE,PSG_BACH,PSG_BACH_RATE,PSG_ABOVE_BACH,PSG_ABOVE_BACH_RATE,LABOUR,UE,UE_RATE,ECON_FAM_LW_INC_DENOM,LW_INC_ECON_FAM,LW_INC_ECON_FAM_RATE,UNATTACHED_LW_INC_DENOM,LOW_INC_UNATTACHED,LOW_INC_UNATTACHED_RATE,POP_PRIV_HHLDS_LW_INC_DENOM,POP_PRIV_HHLDS_LW_INC,POP_PRIV_HHLDS_LW_INC_RATE,CHILD17_ECON_FAM_LOW_INC_DENOM,CHILD17_ECON_FAM_LOW_INC,CHILD17_ECON_FAM_LOW_INC_RATE,AVE_PERS_INC,AVE_PERS_INC_MALE,AVE_PERS_INC_FEMALE,AVE_DWELL,RENTER_SHELCO_HHLD,RENTER_OVER30,RENTER_OVER30_RATE,OWNER_SHELCO_HHLD,OWNER_OVER30,OWNER_OVER30_RATE,MEDIAN_HHLD_INC,INC_SHR_BELOW_MEDIAN,GOVT_TRNSFR_INC,ABO,ABO_RATE,IMM,IMM_RATE,IMM_2006_2016,IMM_2006_2016_RATE_IMM,IMM_2006_2016_RATE_TOTPOP,VIS_MIN,VISMIN_RATE,POP_ONE_PLUS,ONE_YR_INT_MIG,ONE_YR_INT_MIG_RATE,POP_FIVE_PLUS,FIVE_YR_INT_MIG,FIVE_YR_INT_MIG_RATE,POP16,POP11,GROWTH,POP16_2A,POP_0_19,PCT_0_19,POP_65_PLUS,PCT_65_PLUS,MALE,FEMALE,MF_RATE,POP_25_54,EMP_25_54,EMP_RATE_25_54,SHELCO_HH,OVER30_HH,HOU_AFF,UNEMP_RATE
01,Canada,4.0,35151730,31226645,88.8,20938295,59.6,3179190,9.0,4458180,12.7,6576060,18.7,3.9,9840725,1612805,16.4,1262335,12.8,350465,3.6,5.1,34460065,2266030,2033665,89.7,529485,26.0,722825,35.5,581550,28.6,199815,9.8,14076325,9562680,67.9,5144695,53.8,2967120,31.0,1450860,15.2,18672470,814645,4.4,9573075,839765,8.8,5252515,1729655,32.9,33968190,4324825,12.7,6821825,961010,14.1,47487,56740,38632,443058,4452850,1775570,40.0,9368330,1550380,16.6,70332,20.5,11.7,1673780,4.9,7540830,21.9,2268170,30.1,6.6,7674580,22.3,34091785,1451000,4.3,32568565,4296715,13.2,35151728,33476688,5,35151730,7865725,22.4,5935630,16.9,17264200,17887530,1.0,14076325,11323575,80.4,13821180,3325950,40.0,7.7
10,Newfoundland and Labrador / Terre-Neuve-et-Labrador,4.0,519715,312530,60.1,178430,34.3,0,0.0,123290,23.7,218000,41.9,1.4,161005,24250,15.1,19290,12.0,4955,3.1,6.8,512250,28130,25455,90.5,6375,25.0,11515,45.2,5950,23.4,1615,6.3,203385,134670,66.2,91545,68.0,28820,21.4,14305,10.6,256855,24455,9.5,158975,9415,5.9,69330,19125,27.6,509340,45045,8.8,89210,10240,11.5,45210,56724,34259,243157,50415,19810,39.4,167335,17695,10.6,67320,24.2,16.5,45725,8.9,12075,2.4,5540,45.9,1.1,11815,2.3,507965,22185,4.4,489800,66305,13.5,519716,514536,1,519715,101695,19.6,101030,19.4,253925,265790,1.0,203385,146440,72.0,217750,37500,39.4,15.6
1011,1011 Eastern Regional Health Authority,3.7,313270,235790,75.3,178425,57.0,0,0.0,32520,10.4,102325,32.7,16.2,94510,15045,15.9,12025,12.7,3020,3.2,6.5,309015,19165,17785,92.8,4175,23.5,7470,42.0,4780,26.9,1360,7.6,127455,89625,70.3,56775,63.3,21620,24.1,11225,12.5,161620,11245,7.0,94065,5740,6.1,44770,13255,29.6,309015,29230,9.5,55415,6570,11.9,48517,60868,36888,285746,31990,13000,40.8,98985,11875,12.0,72211,20.3,13.8,8635,2.8,9225,3.0,4360,47.3,1.4,9430,3.1,306240,13165,4.3,294790,40710,13.8,313267,306517,2.2,313270,62495,19.9,56040,17.9,152620,160650,1.0,127455,96710,75.9,130975,24880,40.8,11.9
1012,1012 Central Regional Health Authority,4.1,92690,43275,46.7,0,0.0,0,0.0,31860,34.4,60835,65.6,2.2,30630,3570,11.7,2825,9.2,740,2.4,6.8,91160,3430,2895,84.4,905,31.3,1525,52.7,370,12.8,85,2.9,32955,18250,55.4,14490,79.4,2545,13.9,1220,6.7,41070,6080,14.8,30070,1705,5.7,10295,2535,24.6,90205,7165,7.9,14680,1660,11.3,37795,48390,27521,162012,7510,2985,39.9,31920,2625,8.2,56442,21.9,24.2,5270,5.8,855,0.9,295,34.5,0.3,780,0.9,90575,3995,4.4,88000,11715,13.3,92690,93642,-1,92685,16690,18.0,22100,23.8,45450,47240,1.0,32955,20900,63.4,39430,5610,39.9,23.1
1013,1013 Western Regional Health Authority,4.7,77685,33470,43.1,0,0.0,0,0.0,41830,53.8,35855,46.2,2.5,24655,4065,16.5,3275,13.3,790,3.2,8.1,76520,3315,2980,89.9,845,28.4,1520,51.0,495,16.6,120,4.0,27715,17280,62.3,12855,74.4,3130,18.1,1295,7.5,35455,4485,12.6,24275,1650,6.8,11025,2810,25.5,76525,7185,9.4,12240,1605,13.1,38028,46608,29950,195672,8065,3375,41.9,25995,2665,10.2,55950,21.5,22.9,19510,25.5,1040,1.4,360,34.6,0.5,685,0.9,75995,3820,5.0,73560,10170,13.8,77687,77983,-0.4,77685,13945,18.0,17840,23.0,37710,39975,0.9,27715,18205,65.7,34055,6040,41.9,21.2
1014,1014 Labrador-Grenfell Regional Health Authority ,4.7,36070,0,0.0,0,0.0,0,0.0,17080,47.4,18995,52.7,0.1,11210,1570,14.0,1165,10.4,410,3.7,6.9,35550,2220,1795,80.9,440,24.5,1005,56.0,305,17.0,45,2.5,15260,9515,62.4,7425,78.0,1530,16.1,560,5.9,18710,2645,14.1,10565,320,3.0,3235,525,16.2,33600,1470,4.4,6865,400,5.8,51808,64955,38477,205671,2850,445,15.6,10435,525,5.0,94659,23.7,12.8,12305,34.6,955,2.7,520,54.5,1.5,920,2.6,35155,1210,3.4,33445,3700,11.1,36072,36394,-0.9,36070,8565,23.7,5045,14.0,18145,17925,1.0,15260,10635,69.7,13290,970,15.6,20.3
11,Prince Edward Island / Île-du-Prince-Édouard ,4.1,142910,111240,77.8,0,0.0,44725,31.3,19665,13.8,78515,54.9,25.1,41700,6545,15.7,5155,12.4,1385,3.3,5.6,139685,7525,7030,93.4,2105,29.9,2450,34.9,1995,28.4,485,6.9,52555,34620,65.9,20590,59.5,9850,28.5,4180,12.1,77675,5930,7.6,41400,2480,6.0,20865,5755,27.6,139090,13175,9.5,27445,3065,11.2,38899,43979,34171,197966,17535,6335,36.3,40830,4510,11.1,61026,23.2,17.6,2740,2.0,8945,6.4,4695,52.5,3.4,6640,4.8,138370,7975,5.8,132700,20535,15.5,142907,140204,1.9,142910,31330,21.9,27710,19.4,69305,73605,0.9,52555,41790,79.5,58370,10850,36.3,12.3
1100,1100 Prince Edward Island / Île-du-Prince-Édouard,4.1,142905,111235,77.8,0,0.0,44725,31.3,19665,13.8,78515,54.9,25.1,41705,6545,15.7,5160,12.4,1390,3.3,5.6,139690,7520,7035,93.6,2110,30.0,2450,34.8,1995,28.4,480,6.8,52555,34620,65.9,20590,59.5,9850,28.5,4180,12.1,77675,5930,7.6,41400,2480,6.0,20865,5750,27.6,139090,13175,9.5,27450,3065,11.2,38899,43979,34171,197966,17540,6335,36.3,40830,4515,11.1,61026,23.2,17.6,2735,2.0,8940,6.4,4690,52.5,3.4,6645,4.8,138370,7975,5.8,132700,20530,15.5,142907,140204,1.9,142910,31335,21.9,27710,19.4,69305,73600,0.9,52555,41795,79.5,58370,10850,36.3,12.3
12,Nova Scotia / Nouvelle-Écosse,3.9,923600,680210,73.6,316690,34.3,0,0.0,213230,23.1,393680,42.6,17.4,270965,46900,17.3,37595,13.9,9305,3.4,5.5,908340,53305,49100,92.1,13980,28.5,17515,35.7,13815,28.1,3785,7.7,349435,234890,67.2,135785,57.8,68550,29.2,30555,13.0,474595,26770,5.6,267115,18820,7.0,156220,45090,28.9,898365,100145,11.1,159565,21790,13.7,41479,49413,34132,230441,123065,52535,42.8,273525,32780,12.0,60745,30.5,15.3,51490,5.7,55680,6.1,19870,35.7,2.2,58655,6.5,900455,33715,3.7,866425,94885,11.0,923598,921727,0.2,923600,185085,20.0,183820,19.9,446880,476715,0.9,349435,274335,78.5,396590,85315,42.8,10
1201,1201 Zone 1 - Western ,4.1,194375,45945,23.6,0,0.0,0,0.0,56110,28.9,138265,71.1,11.0,60065,8885,14.8,6975,11.6,1915,3.2,6.5,190775,8425,7450,88.4,2480,33.3,3280,44.0,1355,18.2,335,4.5,67250,40740,60.6,28870,70.9,8225,20.2,3645,8.9,94220,5425,5.8,59555,3760,6.3,30640,7785,25.4,190080,18350,9.7,31850,4035,12.7,36861,44559,29585,196741,20160,8185,40.6,65535,7810,11.9,53832,22.6,19.5,14185,7.4,8840,4.6,2055,23.2,1.1,4690,2.5,189270,10185,5.4,182900,26655,14.6,194376,197425,-1.5,194375,36380,18.7,47105,24.2,94430,99950,0.9,67250,51765,77.0,85690,15995,40.6,10.4
1202,1202 Zone 2 - Northern,3.9,146245,115155,78.7,0,0.0,0,0.0,63415,43.4,82835,56.6,11.8,43990,7645,17.4,6050,13.8,1600,3.6,5.9,143690,6715,5940,88.5,2055,34.6,2600,43.8,1055,17.8,235,4.0,52130,32450,62.2,22650,69.8,7015,21.6,2785,8.6,71400,4240,5.9,43050,2795,6.5,22495,5910,26.3,141305,13940,9.9,26175,3305,12.6,38836,46889,31348,177131,15865,6705,42.4,46425,5255,11.3,56018,21.9,17.8,6915,4.8,5000,3.5,1315,26.3,0.9,4080,2.8,142580,6670,4.7,137135,18425,13.4,146249,149479,-2.2,146250,30375,20.8,31675,21.7,70915,75330,0.9,52130,40490,77.7,62285,11965,42.4,10.5
1203,1203 Zone 3 - Eastern,4.2,158935,98720,62.1,0,0.0,0,0.0,80730,50.8,78205,49.2,10.0,46900,10510,22.4,8550,18.2,1960,4.2,6.2,156040,7235,6485,89.6,2025,31.2,2725,42.0,1400,21.6,330,5.1,53135,34695,65.3,23460,67.6,7935,22.9,3300,9.5,73015,7545,10.3,45075,3070,6.8,24560,6585,26.8,149390,15315,10.3,25105,3815,15.2,37425,43994,31464,165757,16190,7065,43.7,50570,5320,10.5,54833,21.6,23.1,13865,8.9,4070,2.6,990,24.3,0.6,3910,2.5,154755,3795,2.5,149350,10475,7.0,158936,163706,-2.9,158935,31085,19.6,37540,23.6,76185,82750,0.9,53135,36275,68.3,66760,12385,43.7,17.2
1204,1204 Zone 4 - Central,3.7,424040,420390,99.1,316690,74.7,0,0.0,12975,3.1,94370,22.3,61.4,120010,19855,16.5,16025,13.4,3830,3.2,4.7,417830,30930,29220,94.5,7420,25.4,8910,30.5,10005,34.2,2890,9.9,176925,127005,71.8,60800,47.9,45380,35.7,20830,16.4,235960,9560,4.1,119435,9200,7.7,78525,24815,31.6,417595,52545,12.6,76430,10640,13.9,46070,54603,38196,302104,70850,30580,43.4,110995,14395,13.0,68950,21.6,10.6,16535,4.0,37770,9.0,15510,41.1,3.7,45975,11.0,413850,13065,3.2,397045,39330,9.9,424037,411117,3.1,424035,87245,20.6,67495,15.9,205350,218685,0.9,176925,145805,82.4,181850,44975,43.4,7.4
13,New Brunswick / Nouveau-Brunswick,3.9,747100,542495,72.6,108625,14.5,117735,15.8,139770,18.7,380975,51.0,10.5,222860,36185,16.2,28655,12.9,7530,3.4,4.9,730705,38770,35640,91.9,11635,32.6,14240,40.0,7855,22.0,1915,5.4,282785,174750,61.8,109875,62.9,47060,26.9,17820,10.2,381790,24395,6.4,219630,15165,6.9,113180,31215,27.6,722540,75235,10.4,131820,17945,13.6,39141,46154,32504,170071,79370,28735,36.5,235950,24205,10.3,59313,26.3,16.9,29380,4.0,33810,4.6,14125,41.8,1.9,24540,3.4,724025,32580,4.5,696160,89980,12.9,747101,751171,-0.5,747100,151100,20.2,148785,19.9,365360,381745,1.0,282785,220235,77.9,315320,52940,36.5,11.2
1301,1301 Zone 1 (Moncton area) / Zone 1 (région de Moncton),3.9,209255,182440,87.2,108625,51.9,0,0.0,17170,8.2,83460,39.9,20.9,61925,9595,15.5,7625,12.3,1975,3.2,4.7,204545,11520,10505,91.2,3215,30.6,4400,41.9,2350,22.4,545,5.2,82135,52910,64.4,32980,62.3,14335,27.1,5590,10.6,111980,6380,5.7,61135,3990,6.5,33255,9285,27.9,202335,20905,10.3,36800,4865,13.2,39683,45597,34137,183055,24045,9250,38.7,64265,6825,10.6,61246,23.3,15.6,8115,4.0,10190,5.0,4765,46.8,2.3,8075,3.9,202570,10235,5.1,194800,29085,14.9,209256,203837,2.7,209255,41980,20.1,40295,19.3,102555,106700,1.0,82135,66780,81.3,88310,16075,38.7,10
1302,1302 Zone 2 (Saint John area) / Zone 2 (région de Saint John) ,3.5,170535,126780,74.3,0,0.0,58325,34.2,39170,23.0,73045,42.8,16.4,50400,8745,17.4,7015,13.9,1730,3.4,5.0,167180,8880,8280,93.2,2865,34.6,3190,38.5,1805,21.8,420,5.1,64450,39895,61.9,25060,62.8,10880,27.3,3950,9.9,87040,4800,5.5,50040,4160,8.3,25150,7230,28.7,167180,19505,11.7,33010,5250,15.9,41459,50311,33258,191723,19190,6880,36.2,52445,5845,11.2,61609,21.8,14.8,3080,1.8,8875,5.3,3585,40.4,2.1,6595,3.9,165505,6785,4.1,158705,17800,11.2,170537,175059,-2.6,170535,37035,21.7,32390,19.0,82455,88080,0.9,64450,50355,78.1,71640,12725,36.2,10.2
1303,1303 Zone 3 (Fredericton area) / Zone 3 (région de Fredericton),3.9,174350,111080,63.7,0,0.0,59405,34.1,17430,10.0,97510,55.9,7.5,51665,7685,14.9,6065,11.7,1625,3.1,4.5,171145,10410,9735,93.5,3320,34.1,3250,33.4,2475,25.4,695,7.1,67615,43145,63.8,23685,54.9,13790,32.0,5665,13.1,90395,5035,5.6,50665,3605,7.1,25580,6990,27.3,168035,17885,10.6,32990,4410,13.4,40351,47363,33666,183356,18200,6290,34.9,53400,5215,9.8,62196,23.2,14.4,8130,4.8,11000,6.4,4685,42.6,2.7,7745,4.5,169380,9560,5.6,162015,26430,16.3,174348,173876,0.3,174345,38360,22.0,31270,17.9,85670,88680,1.0,67615,52925,78.3,71600,11510,34.9,9.9
1304,1304 Zone 4 (Edmundston area) / Zone 4 (région d'Edmundston),4.1,47775,28275,59.2,0,0.0,0,0.0,19590,41.0,28185,59.0,6.1,14480,2080,14.4,1590,11.0,495,3.4,4.9,46190,2055,1890,92.0,670,35.4,815,43.1,320,16.9,85,4.5,17070,9455,55.4,6435,68.1,2225,23.5,795,8.4,23890,1335,5.6,14430,770,5.3,7155,1975,27.6,45975,4090,8.9,7885,815,10.3,35746,41830,29788,138563,5170,1730,33.5,15740,1745,11.1,53333,23.1,19.5,1455,3.2,1550,3.4,360,23.2,0.8,600,1.3,45870,1525,3.3,44385,3915,8.8,47775,48998,-2.5,47775,8890,18.6,10350,21.7,23415,24360,1.0,17070,13545,79.3,20905,3480,33.5,10.5
1305,1305 Zone 5 (Campbellton area) / Zone 5 (région de Campbellton) ,4.5,25250,22115,87.6,0,0.0,0,0.0,11130,44.1,14120,55.9,4.6,7645,1355,17.7,1075,14.1,280,3.7,6.3,24405,1020,935,91.7,225,24.1,485,51.9,185,19.8,35,3.7,8515,5205,61.1,3940,75.7,875,16.8,385,7.4,11335,1100,9.7,7500,585,7.8,4205,1180,28.1,23990,2780,11.6,3470,520,15.0,34676,40543,29167,110786,2465,875,35.6,8855,815,9.2,48647,22.1,23.7,1995,8.2,390,1.6,135,34.6,0.6,350,1.4,24220,925,3.8,23505,2565,10.9,25250,26921,-6.2,25250,4100,16.2,6445,25.5,12260,12990,0.9,8515,6090,71.5,11320,1690,35.6,15.4
1306,1306 Zone 6 (Bathurst area) / Zone 6 (région de Bathurst) ,4.1,76375,34360,45.0,0,0.0,0,0.0,23965,31.4,52410,68.6,16.3,23375,4185,17.9,3245,13.9,935,4.0,6.3,74360,3105,2720,87.6,780,28.7,1440,52.9,440,16.2,60,2.2,27420,15595,56.9,11545,74.0,3145,20.2,910,5.8,36110,3205,8.9,23145,1310,5.7,11980,3290,27.5,74225,6755,9.1,10830,1290,11.9,35671,43141,28365,128231,7005,2540,36.4,26680,2440,9.2,52826,22.0,24.5,2975,4.0,1025,1.4,415,40.5,0.6,770,1.0,73895,2215,3.0,71755,6660,9.3,76374,77792,-1.8,76375,12440,16.3,18285,23.9,37690,38685,1.0,27420,19925,72.7,33685,4985,36.4,14.8
1307,1307 Zone 7 (Miramichi area) / Zone 7 (région de Miramichi) ,3.8,43560,37450,86.0,0,0.0,0,0.0,11320,26.0,32240,74.0,4.4,13370,2545,19.0,2045,15.3,495,3.7,4.0,42885,1775,1580,89.0,570,36.1,660,41.8,275,17.4,75,4.7,15580,8555,54.9,6225,72.8,1815,21.2,520,6.1,21055,2540,12.1,12710,740,5.8,5855,1270,21.7,40810,3305,8.1,6830,800,11.7,35710,42150,29576,132839,3295,1170,35.5,14560,1310,9.0,55403,23.2,23.8,3625,8.5,790,1.8,185,23.4,0.4,410,1.0,42590,1335,3.1,40980,3515,8.6,43561,44688,-2.5,43565,8305,19.1,9750,22.4,21315,22250,1.0,15580,10610,68.1,17855,2485,35.5,19.5
24,Quebec / Québec ,3.7,8164360,7260480,88.9,4836550,59.2,702655,8.6,1033670,12.7,1591480,19.5,6.0,2257560,379465,16.8,284900,12.6,94565,4.2,4.3,7965450,492490,421380,85.6,75580,17.9,194130,46.1,102210,24.3,49460,11.7,3185860,2320120,72.8,1409305,60.7,582255,25.1,328555,14.2,4255495,177890,4.2,2252040,178405,7.9,1427500,513350,36.0,7921495,1032590,13.0,1563425,185835,11.9,42546,49087,36203,290484,1358260,457380,33.7,2141695,275975,12.9,59808,27.6,15.6,182885,2.3,1091305,13.7,397285,36.4,5.0,1032370,13.0,7880320,305465,3.9,7520960,949170,12.6,8164361,7903001,3.3,8164360,1763080,21.6,1495195,18.3,4016760,4147605,1.0,3185860,2621530,82.3,3499955,733350,33.7,7.2
2401,2401 Région du Bas-Saint-Laurent ,4.1,197385,119030,60.3,0,0.0,36935,18.7,61125,31.0,99325,50.3,8.9,56360,7300,13.0,5355,9.5,1945,3.5,5.0,189975,9285,7800,84.0,1080,13.8,4605,59.0,1595,20.4,525,6.7,66195,48175,72.8,35920,74.6,8840,18.3,3410,7.1,94570,4950,5.2,56860,2150,3.8,35585,10100,28.4,189975,15595,8.2,33830,1895,5.6,36525,41624,31474,168853,26370,7605,28.9,62265,5960,9.6,52285,23.5,21.5,3535,1.9,2445,1.3,1060,43.4,0.6,1835,1.0,188215,7330,3.9,180840,23285,12.9,197385,199977,-1.3,197385,37880,19.2,46740,23.7,97500,99885,1.0,66195,54320,82.1,88635,13565,28.9,9
2402,2402 Région du Saguenay--Lac-Saint-Jean,3.9,276370,234655,84.9,104230,37.7,0,0.0,73800,26.7,98340,35.6,2.8,80750,10750,13.3,7755,9.6,2995,3.7,4.8,268870,14385,12250,85.2,1590,13.0,7580,61.9,2355,19.2,720,5.9,98055,75440,76.9,56725,75.2,13740,18.2,4975,6.6,133480,6420,4.8,80695,3335,4.1,44930,14205,31.6,266935,22980,8.6,49715,3245,6.5,39565,47415,31558,196031,39085,11140,28.5,82280,7870,9.6,58024,23.3,18.8,14655,5.5,2960,1.1,1255,42.4,0.5,2795,1.0,266055,7060,2.7,254845,23610,9.3,276368,274880,0.5,276365,56240,20.3,57575,20.8,137965,138400,1.0,98055,79060,80.6,121365,19010,28.5,9.4
2403,2403 Région de la Capitale-Nationale ,4.1,729995,683385,93.6,574165,78.7,0,0.0,57405,7.9,98425,13.5,38.8,201560,29120,14.4,20920,10.4,8195,4.1,4.3,709330,47580,42865,90.1,6060,14.1,20190,47.1,11090,25.9,5520,12.9,281500,224240,79.7,134135,59.8,56370,25.1,33745,15.0,392105,10845,2.8,202610,10950,5.4,146200,50840,34.8,707190,80930,11.4,128040,10195,8.0,44574,50961,38432,290478,133060,40725,30.6,199485,20580,10.3,62859,22.8,14.4,11420,1.6,41895,5.9,21790,52.0,3.1,35725,5.0,702080,20570,2.9,671145,69240,10.3,729997,700616,4.2,729995,143195,19.6,146740,20.1,357205,372790,1.0,281500,245720,87.3,332545,61305,30.6,5
2404,2404 Région de la Mauricie et du Centre-du-Québec,4.3,508515,406960,80.0,114205,22.5,151545,29.8,68455,13.5,174300,34.3,11.9,142690,22535,15.8,16370,11.5,6170,4.3,4.5,491365,26145,20835,79.7,3575,17.2,12065,57.9,3780,18.1,1420,6.8,178965,124155,69.4,92585,74.6,22660,18.3,8910,7.2,247950,10260,4.1,142655,8335,5.8,95530,33725,35.3,487535,56230,11.5,90335,8760,9.7,36971,42854,31141,177975,81165,25035,30.9,145690,14455,9.9,51102,22.6,20.1,10815,2.2,11985,2.4,5135,42.8,1.0,10005,2.0,486720,20245,4.2,466185,59940,12.9,508511,497766,2.2,508510,102565,20.2,112655,22.2,251550,256960,1.0,178965,146310,81.8,226855,39485,30.9,7.1
2405,2405 Région de l'Estrie ,4.1,472615,390500,82.6,139565,29.5,59685,12.6,93855,19.9,179510,38.0,37.1,133005,19900,15.0,14130,10.6,5770,4.3,4.7,459310,25305,20990,82.9,4165,19.8,10720,51.1,3865,18.4,2240,10.7,168620,115780,68.7,79820,68.9,22840,19.7,13120,11.3,236560,8320,3.5,133495,7395,5.5,85120,27335,32.1,459310,48335,10.5,90730,8400,9.3,38763,44012,33599,244116,77030,24840,32.3,130265,15815,12.1,54421,22.5,18.4,5970,1.3,24005,5.2,9390,39.1,2.0,16735,3.6,454670,21675,4.8,434820,65255,15.0,472615,457968,3.2,472615,101235,21.4,97970,20.7,234490,238120,1.0,168620,140445,83.3,207295,40660,32.3,6.2
2406,2406 Région de Montréal ,3.8,1942045,1942040,100.0,1939525,99.9,0,0.0,0,0.0,2515,0.1,3889.8,485290,99700,20.5,81195,16.7,18505,3.8,4.4,1895000,152605,139465,91.4,23330,16.7,45045,32.3,44400,31.8,26690,19.1,833720,634190,76.1,272485,43.0,208195,32.8,153505,24.2,1019365,55580,5.5,489420,80360,16.4,442760,204485,46.2,1894995,446250,23.5,357875,82915,23.2,43670,50317,37410,462244,522140,191880,36.8,348225,70090,20.2,52516,18.4,14.1,13105,0.7,644685,34.0,244995,38.0,12.9,623895,32.9,1872860,43805,2.3,1785390,126750,7.1,1942044,1886481,2.9,1942045,402305,20.7,323660,16.7,944485,997560,0.9,833720,642885,77.1,870365,261975,36.8,9
2407,2407 Région de l'Outaouais ,3.6,382605,343015,89.7,253865,66.4,0,0.0,36540,9.6,92200,24.1,12.4,108560,20535,18.9,15205,14.0,5330,4.9,4.7,376910,22980,18915,82.3,4275,22.6,8650,45.7,4340,22.9,1655,8.7,154755,107365,69.4,61790,57.6,29060,27.1,16510,15.4,203865,8080,4.0,108290,8465,7.8,61790,20215,32.7,375700,44755,11.9,80000,9465,11.8,44868,48842,41064,268365,52110,18525,35.6,109755,12965,11.8,67356,22.8,14.1,20685,5.5,37040,9.8,14315,38.6,3.8,38205,10.1,372680,14810,4.0,354265,42605,12.0,382604,369171,3.6,382605,89075,23.3,58310,15.2,188195,194410,1.0,154755,129045,83.4,161865,31490,35.6,7
2408,2408 Région de l'Abitibi-Témiscamingue ,4.5,146715,84270,57.4,0,0.0,0,0.0,78370,53.4,68345,46.6,2.5,41855,6045,14.4,4110,9.8,1930,4.6,5.9,143155,8600,6665,77.5,1115,16.7,3900,58.5,1260,18.9,395,5.9,54705,36970,67.6,27985,75.7,6650,18.0,2335,6.3,74415,2800,3.8,41200,1625,3.9,24530,6230,25.4,140065,10565,7.5,28510,1715,6.0,43402,53436,32978,203355,20095,5750,28.6,43140,3810,8.8,61283,21.7,16.5,8165,5.7,2135,1.5,950,44.5,0.7,2005,1.4,141570,5160,3.6,134910,15880,11.8,146717,145690,0.7,146715,33220,22.6,25925,17.7,73900,72820,1.0,54705,44585,81.5,63235,9560,28.6,7.7
2409,2409 Région de la Côte-Nord ,5.7,92515,57970,62.7,0,0.0,0,0.0,62400,67.4,30120,32.6,0.4,27055,4620,17.1,3325,12.3,1295,4.8,8.8,90680,4815,3725,77.4,595,16.0,2280,61.2,630,16.9,215,5.8,35410,23165,65.4,18215,78.6,3625,15.6,1320,5.7,45745,3490,7.6,24590,710,2.9,13470,2670,19.8,81165,4565,5.6,15340,800,5.2,44199,53864,34248,171374,10120,2335,23.1,26840,1910,7.1,66151,22.8,17.0,16455,18.1,1095,1.2,475,43.4,0.5,800,0.9,89765,2425,2.7,85775,8075,9.4,92518,94766,-2.4,92520,20520,22.2,16220,17.5,46660,45855,1.0,35410,27415,77.4,36960,4245,23.1,12.4
2410,2410 Région du Nord-du-Québec ,7.0,14230,0,0.0,0,0.0,0,0.0,11590,81.4,2645,18.6,0.0,4175,530,12.7,350,8.4,180,4.3,4.8,13665,775,625,80.6,100,16.0,400,64.0,110,17.6,15,2.4,5540,3920,70.8,3165,80.7,545,13.9,210,5.4,7720,220,2.8,4195,120,2.9,1995,375,18.8,13665,675,4.9,2935,105,3.6,46759,57192,35116,152461,1535,310,20.2,4495,350,7.8,72590,24.4,14.3,930,6.8,250,1.8,120,48.0,0.9,265,1.9,13485,480,3.6,12810,1660,13.0,14232,14139,0.7,14235,3260,22.9,2020,14.2,7475,6750,1.1,5540,4650,83.9,6035,660,20.2,8.2
2411,2411 Région de la Gaspésie--Îles-de-la-Madeleine ,4.2,90315,4170,4.6,0,0.0,0,0.0,21355,23.6,68955,76.4,4.4,27020,4605,17.0,3420,12.7,1180,4.4,5.7,88135,3615,2940,81.3,470,16.0,1770,60.2,575,19.6,125,4.3,30045,19770,65.8,15100,76.4,3395,17.2,1275,6.4,41785,4070,9.7,26645,1055,4.0,14850,3370,22.7,86255,6135,7.1,13115,885,6.7,34666,38493,30991,154609,10245,2565,25.0,29750,2675,9.0,52160,23.4,28.3,8745,9.9,950,1.1,325,34.2,0.4,585,0.7,87490,2570,2.9,84535,8225,9.7,90311,94079,-4,90310,15285,16.9,22680,25.1,44190,46120,1.0,30045,21970,73.1,39990,5235,25.0,15.3
2412,2412 Région de la Chaudière-Appalaches ,3.7,420080,295585,70.4,130935,31.2,0,0.0,121040,28.8,168105,40.0,27.9,121205,16020,13.2,11240,9.3,4780,3.9,4.3,408615,21395,18040,84.3,2820,15.6,10520,58.3,3590,19.9,1110,6.2,153885,113930,74.0,83655,73.4,21610,19.0,8665,7.6,223620,5345,2.4,121775,3695,3.0,63605,15535,24.4,408615,25195,6.2,82615,3370,4.1,40838,47133,34454,212614,47570,12090,25.4,130030,11185,8.6,61525,23.9,16.8,4060,1.0,7315,1.8,3060,41.8,0.7,5780,1.4,404225,14500,3.6,385260,46035,11.9,420082,410878,2.2,420085,91685,21.8,84475,20.1,209950,210135,1.0,153885,136365,88.6,177595,23280,25.4,4.5
2413,2413 Région de Laval ,2.9,422995,422995,100.0,418030,98.8,0,0.0,0,0.0,4960,1.2,1710.9,117055,20145,17.2,15710,13.4,4435,3.8,3.0,410850,23155,19965,86.2,3960,19.8,9415,47.2,4805,24.1,1785,8.9,167110,121270,72.6,70330,58.0,34770,28.7,16170,13.3,223995,9420,4.2,115685,10185,8.8,49680,17800,35.8,410850,49750,12.1,87875,11005,12.5,42879,48407,37664,340865,49040,17460,35.6,111220,16980,15.3,70077,23.4,14.4,2530,0.6,116935,28.5,32065,27.4,7.8,107255,26.1,406595,11965,2.9,388440,40185,10.3,422993,401553,5.3,422995,99000,23.4,72590,17.2,205505,217485,0.9,167110,139080,83.2,160260,34445,35.6,7
2414,2414 Région de Lanaudière,3.0,494795,464950,94.0,239145,48.3,45505,9.2,91725,18.5,118415,23.9,39.8,144355,23765,16.5,17315,12.0,6445,4.5,4.2,486285,26230,20450,78.0,4350,21.3,11930,58.3,3285,16.1,890,4.4,191090,129925,68.0,98960,76.2,22985,17.7,7980,6.1,258750,9780,3.8,143340,8060,5.6,66480,20195,30.4,484225,43280,8.9,101995,8850,8.7,40842,47081,34676,250753,50445,17585,34.9,150315,19645,13.1,65597,24.2,16.9,8170,1.7,25960,5.3,7080,27.3,1.5,29885,6.1,481115,26860,5.6,458325,88510,19.3,494796,471748,4.9,494795,114045,23.0,84510,17.1,245315,249480,1.0,191090,160565,84.0,200760,37235,34.9,6.6
2415,2415 Région des Laurentides ,3.3,589400,489875,83.1,247920,42.1,77135,13.1,99315,16.9,165030,28.0,28.4,170590,28195,16.5,20260,11.9,7935,4.7,4.4,577860,30780,24260,78.8,5150,21.2,13795,56.9,3930,16.2,1375,5.7,227100,157865,69.5,113145,71.7,32415,20.5,12305,7.8,312945,11575,3.7,170370,9655,5.7,89020,26960,30.3,577855,53705,9.3,118385,10220,8.6,43150,50596,35874,280498,70470,25875,36.8,177725,24715,13.9,63924,22.6,15.5,9810,1.7,30705,5.3,8470,27.6,1.5,21930,3.8,571915,37830,6.6,546540,118840,21.7,589400,559700,5.3,589400,131855,22.4,102785,17.4,292055,297340,1.0,227100,190700,84.0,248200,50595,36.8,6.7
2416,2416 Région de la Montérégie ,3.1,1353455,1321070,97.6,674970,49.9,331845,24.5,144250,10.7,202395,15.0,157.3,388655,63200,16.3,46400,11.9,16795,4.3,3.4,1325230,72400,60600,83.7,12550,20.7,30885,51.0,12430,20.5,4730,7.8,527695,379040,71.8,241300,63.7,93860,24.8,43880,11.6,724795,25165,3.5,387395,22120,5.7,191070,59160,31.0,1324045,122815,9.3,276930,23655,8.5,45298,53045,37820,301439,164245,53540,32.6,390130,46960,12.0,68627,22.8,14.1,15470,1.2,140690,10.6,46715,33.2,3.5,134435,10.1,1311235,67325,5.1,1249930,208860,16.7,1353459,1295149,4.5,1353460,309105,22.8,238910,17.7,665010,688445,1.0,527695,450505,85.4,554370,100495,32.6,5.9
2417,2417 Région du Nunavik ,12.8,13185,0,0.0,0,0.0,0,0.0,4770,36.2,8415,63.8,0.0,3155,1200,38.0,900,28.5,300,9.5,13.4,13115,1170,455,38.9,210,46.2,130,28.6,90,19.8,25,5.5,4830,1620,33.5,1210,74.7,295,18.2,120,7.4,6170,685,11.1,2835,185,6.5,880,155,17.6,13115,835,6.4,5190,365,7.0,40228,38268,42173,388423,3545,115,3.2,80,0,0.0,80619,25.2,17.9,11985,91.4,150,1.1,40,26.7,0.3,115,0.9,12815,340,2.7,11490,990,8.6,13188,12090,9.1,13190,5720,43.4,500,3.8,6690,6500,1.0,4830,3310,68.5,3630,120,3.2,15.3
2418,2418 Région des Terres-Cries-de-la-Baie-James ,10.4,17145,0,0.0,0,0.0,0,0.0,7670,44.7,9470,55.3,3.1,4215,1290,30.6,925,21.9,365,8.7,11.3,17110,1275,540,42.4,185,34.3,240,44.4,80,14.8,30,5.6,6650,3305,49.7,2785,84.3,390,11.8,130,3.9,7665,880,11.5,0,0,#DIV/0!,0,0,#DIV/0!,0,0,#DIV/0!,0,0,#DIV/0!,38076,35781,40287,0,0,0,0.0,0,0,0.0,97335,28.9,24.0,16380,95.7,0,0.0,0,#DIV/0!,0.0,125,0.7,16820,515,3.1,15455,1225,7.9,17141,16350,4.8,17140,6890,40.2,935,5.5,8605,8540,1.0,6650,4595,69.1,0,0,0.0,15.9
35,Ontario,3.7,13448490,12771185,95.0,9152220,68.1,1092685,8.1,1345500,10.0,1858090,13.8,14.8,3782545,644975,17.1,518480,13.7,126495,3.3,4.6,13242160,868650,798170,91.9,197840,24.8,258390,32.4,251215,31.5,90730,11.4,5410555,3689415,68.2,1801835,48.8,1253335,34.0,634235,17.2,7141675,306945,4.3,3674800,369395,10.1,1809120,627470,34.7,13184060,1800930,13.7,2650645,427100,16.1,47915,56780,39585,506409,1554940,709245,45.7,3557485,702655,19.8,74260,22.4,11.1,374395,2.8,3852145,29.1,935345,24.3,7.1,3885585,29.3,13106995,535185,4.1,12546040,1562375,12.5,13448494,12851821,4.6,13448495,3019640,22.5,2251655,16.7,6559390,6889105,1.0,5410555,4342665,80.3,5112425,1411900,45.7,7.4
3526,3526 The District of Algoma Health Unit / Circonscription sanitaire du district d'Algoma ,4.8,113085,99140,87.7,0,0.0,66305,58.6,16560,14.6,30225,26.7,2.7,33610,5900,17.6,4570,13.6,1330,4.0,6.5,111085,5915,5210,88.1,1580,30.3,2245,43.1,1155,22.2,230,4.4,38695,24270,62.7,16155,66.6,6265,25.8,1855,7.6,52080,3050,5.9,32625,2435,7.5,18810,6110,32.5,107860,12860,11.9,18185,2795,15.4,40705,48111,33672,213102,13990,6235,44.6,35245,3955,11.2,58376,21.8,18.9,15365,13.8,8885,8.0,825,9.3,0.7,2580,2.3,110135,3760,3.4,105825,11225,10.6,113084,114805,-1.5,113090,21550,19.1,26770,23.7,55270,57820,1.0,38695,28865,74.6,49235,10185,44.6,10.4
3527,3527 Brant County Health Unit / Circonscription sanitaire du comté de Brant ,4.2,134940,134205,99.5,0,0.0,98180,72.8,15560,11.5,21205,15.7,119.5,38960,7205,18.5,5655,14.5,1545,4.0,5.4,132375,7760,6860,88.4,2460,35.9,2785,40.6,1305,19.0,305,4.4,51545,30535,59.2,21165,69.3,6805,22.3,2570,8.4,70400,2420,3.4,37965,2685,7.1,17030,5155,30.3,131635,13150,10.0,28500,3490,12.2,42000,49311,35122,337344,14495,6580,45.4,37480,5530,14.8,68669,23.2,14.8,7030,5.3,16470,12.4,2325,14.1,1.8,10245,7.7,130840,6545,5.0,124825,18410,14.7,134943,137102,-1.6,134945,32015,23.7,23685,17.6,65780,69165,1.0,51545,41780,81.1,51970,12110,45.4,6.2
3530,3530 Durham Regional Health Unit / Circonscription sanitaire régionale de Durham ,3.0,645865,645735,100.0,513540,79.5,39375,6.1,38665,6.0,54285,8.4,255.9,186140,33845,18.2,26905,14.5,6940,3.7,4.0,639490,37440,34685,92.6,9560,27.6,14015,40.4,9000,25.9,2110,6.1,263235,177120,67.3,105565,59.6,52650,29.7,18905,10.7,352755,15720,4.5,179470,12185,6.8,60210,16660,27.7,639355,56745,8.9,141340,16025,11.3,49018,58216,40434,503610,42850,20390,47.7,183910,36505,19.9,89792,23.9,10.2,12535,2.0,150880,23.6,24170,16.0,3.8,173330,27.1,632890,34235,5.4,604020,109555,18.1,645862,608124,6.2,645865,159155,24.6,92790,14.4,314675,331190,1.0,263235,215915,82.0,226760,56895,47.7,8
3531,3531 Elgin-St. Thomas Health Unit / Circonscription sanitaire d'Elgin-St. Thomas ,3.7,88975,88980,100.0,0,0.0,41810,47.0,13620,15.3,33550,37.7,47.3,25810,3790,14.7,3000,11.6,790,3.1,4.5,87605,4475,3715,83.0,1385,37.3,1595,42.9,615,16.6,120,3.2,32595,18190,55.8,13835,76.1,3360,18.5,990,5.4,44945,1555,3.5,25545,1545,6.0,10580,3095,29.3,87605,7765,8.9,20155,2055,10.2,40341,46788,34205,258635,8510,3535,41.6,25345,3550,14.0,66482,24.1,15.8,1975,2.3,10465,11.9,1415,13.5,1.6,2585,3.0,86585,4945,5.7,82505,14030,17.0,88978,87461,1.7,88980,22295,25.1,16145,18.1,43735,45240,1.0,32595,26225,80.5,33855,7085,41.6,6.3
3533,3533 Grey Bruce Health Unit / Circonscription sanitaire de Grey Bruce ,5.4,161975,56470,34.9,0,0.0,0,0.0,74285,45.9,87690,54.1,18.8,48595,5825,12.0,4470,9.2,1355,2.8,6.2,158450,7985,6810,85.3,2050,30.1,3330,48.9,1155,17.0,275,4.0,53480,32230,60.3,22870,71.0,6805,21.1,2560,7.9,81140,2980,3.7,47855,2340,4.9,22040,5325,24.2,156800,12505,8.0,29170,2875,9.9,45147,55005,35522,336645,14265,6575,46.1,50150,8145,16.3,66118,21.3,14.5,5520,3.5,12490,7.9,1295,10.4,0.8,3700,2.3,156805,9300,5.9,150100,26415,17.6,161977,158670,2.1,161975,33230,20.5,38705,23.9,79720,82255,1.0,53480,44225,82.7,64415,14715,46.1,6
3534,3534 Haldimand-Norfolk Health Unit / Circonscription sanitaire de Haldimand-Norfolk ,4.5,109650,109655,100.0,0,0.0,0,0.0,49680,45.3,59975,54.7,38.4,32740,4385,13.4,3305,10.1,1085,3.3,5.4,107455,5455,4785,87.7,1580,33.0,2235,46.7,815,17.0,145,3.0,37660,21725,57.7,16675,76.8,3865,17.8,1180,5.4,55740,2240,4.0,32290,1220,3.8,12795,2890,22.6,107450,6325,5.9,21290,1275,6.0,41749,49112,34525,313599,8050,3490,43.5,33940,4925,14.5,70721,24.1,15.5,3330,3.1,10545,9.8,1055,10.0,1.0,2245,2.1,106340,5190,4.9,101835,14640,14.4,109652,108051,1.5,109650,23995,21.9,22665,20.7,54525,55125,1.0,37660,30615,81.3,41990,8420,43.5,6.9
3535,"3535 Haliburton, Kawartha, Pine Ridge District Health Unit / Circonscription sanitaire du district de Haliburton, Kawartha et Pine Ridge ",5.0,179085,147625,82.4,0,0.0,0,0.0,72625,40.6,106460,59.4,19.8,55535,7270,13.1,5555,10.0,1710,3.1,5.6,174520,7530,6795,90.2,2320,34.1,3225,47.5,1005,14.8,245,3.6,56925,34255,60.2,25550,74.6,6540,19.1,2170,6.3,84920,3775,4.4,54590,2470,4.5,23640,5835,24.7,174025,12675,7.3,28140,2340,8.3,42599,50508,34987,344823,13050,6515,50.0,60145,10580,17.6,67475,23.0,16.6,4795,2.7,16245,9.3,1040,6.4,0.6,4655,2.7,173150,11610,6.7,167635,32810,19.6,179083,172401,3.9,179080,32090,17.9,47265,26.4,88325,90760,1.0,56925,45255,79.5,73195,17090,50.0,7.7
3536,3536 Halton Regional Health Unit / Circonscription sanitaire régionale de Halton ,2.7,548430,548430,100.0,472740,86.2,42115,7.7,9460,1.7,24115,4.4,568.9,156530,20930,13.4,16655,10.6,4275,2.7,3.2,540980,25925,24730,95.4,5415,21.9,7875,31.8,8625,34.9,2815,11.4,224230,173605,77.4,69880,40.3,69400,40.0,34325,19.8,302950,10885,3.6,152665,9460,6.2,47480,12005,25.3,540980,43270,8.0,128970,11850,9.2,64762,82349,48449,715422,36795,16575,45.1,155855,29115,18.7,103184,20.7,6.7,5455,1.0,160165,29.6,40635,25.4,7.5,139000,25.7,535585,28320,5.3,510460,90640,17.8,548430,501669,9.3,548430,143650,26.2,81805,14.9,266350,282085,0.9,224230,190355,84.9,192650,45685,45.1,6
3537,3537 City of Hamilton Health Unit / Circonscription sanitaire de la cité de Hamilton ,3.8,536920,536920,100.0,491165,91.5,0,0.0,10665,2.0,35090,6.5,480.5,149355,28635,19.2,23090,15.5,5550,3.7,4.9,527930,35515,32070,90.3,8495,26.5,11710,36.5,8575,26.7,3290,10.3,212345,137015,64.5,78555,57.3,39000,28.5,19465,14.2,278645,10880,3.9,146810,17710,12.1,76925,31300,40.7,527930,87780,16.6,104990,22350,21.3,43966,51255,37103,430555,68525,31095,45.4,142455,23955,16.8,69110,21.3,13.3,12130,2.3,130365,24.7,26560,20.4,5.0,100055,19.0,522360,17035,3.3,499655,50670,10.1,536917,519949,3.3,536915,119250,22.2,92910,17.3,262525,274390,1.0,212345,167795,79.0,210975,55055,45.4,7
3538,3538 Hastings and Prince Edward Counties Health Unit / Circonscription sanitaire des comtés de Hastings et Prince Edward ,4.5,161180,150960,93.7,0,0.0,67675,42.0,16060,10.0,77445,48.0,22.5,48240,7375,15.3,5685,11.8,1690,3.5,5.8,157815,8295,7280,87.8,2630,36.1,3280,45.1,1115,15.3,255,3.5,56375,32695,58.0,24535,75.0,6195,18.9,1970,6.0,76680,3070,4.0,47000,3195,6.8,23440,6990,29.8,155290,16105,10.4,28360,3435,12.1,39629,45927,33594,271210,17505,8380,47.9,48150,7925,16.5,61801,23.3,17.9,10585,6.7,11960,7.6,1415,11.8,0.9,5295,3.4,156260,9030,5.8,150180,26280,17.5,161180,160192,0.6,161180,32640,20.3,36410,22.6,79005,82180,1.0,56375,43535,77.2,65655,16310,47.9,6.9
3539,3539 Huron County Health Unit / Circonscription sanitaire du comté de Huron ,5.0,59300,0,0.0,0,0.0,0,0.0,23790,40.1,35505,59.9,17.4,17095,1880,11.0,1410,8.2,470,2.7,6.4,57830,2940,2510,85.4,810,32.3,1210,48.2,385,15.3,105,4.2,19135,11025,57.6,8385,76.1,1920,17.4,720,6.5,30820,985,3.2,17050,720,4.2,7840,1675,21.4,57830,4080,7.1,12075,1160,9.6,41536,47973,35197,287632,5140,1995,38.8,17100,2540,14.8,65978,23.5,15.5,810,1.4,4190,7.2,485,11.6,0.8,865,1.5,57240,3650,6.4,54455,8970,16.5,59297,59100,0.3,59295,13555,22.9,13455,22.7,29360,29940,1.0,19135,15910,83.1,22240,4530,38.8,5.3
3540,3540 Chatham-Kent Health Unit / Circonscription sanitaire de Chatham-Kent ,4.3,102045,102040,100.0,0,0.0,43550,42.7,27535,27.0,30955,30.3,41.3,29740,5000,16.8,3930,13.2,1070,3.6,4.9,99775,5080,4235,83.4,1325,31.3,1935,45.7,755,17.8,225,5.3,35650,20475,57.4,15190,74.2,3995,19.5,1285,6.3,49965,2310,4.6,29515,2285,7.7,14825,4765,32.1,99380,11380,11.5,20165,2755,13.7,39021,44924,33385,191420,11875,4935,41.6,29695,3790,12.8,58147,22.6,17.9,4065,4.1,8635,8.7,1175,13.6,1.2,4535,4.5,98775,2965,3.0,94505,7945,8.4,102042,104075,-2,102045,22850,22.4,21450,21.0,49750,52295,1.0,35650,27795,78.0,41575,8730,41.6,7.5
3541,"3541 Kingston, Frontenac and Lennox and Addington Health Unit / Circonscription sanitaire de Kingston, Frontenac et Lennox et Addington ",4.7,193365,189145,97.8,117655,60.8,0,0.0,8615,4.5,67090,34.7,29.2,55490,8725,15.7,6790,12.2,1930,3.5,4.4,187910,11970,11120,92.9,2860,25.7,4075,36.6,2740,24.6,1445,13.0,71655,48870,68.2,28245,57.8,12345,25.3,8280,16.9,98495,4235,4.3,55135,3540,6.4,32105,10435,32.5,187915,20325,10.8,34260,3665,10.7,45891,52920,39406,340077,25795,12470,48.4,54705,8070,14.8,69914,22.2,13.2,7475,4.0,20250,10.8,3610,17.8,1.9,12890,6.9,186115,10110,5.4,178900,30400,17.0,193363,191562,0.9,193365,39065,20.2,38970,20.2,94500,98865,1.0,71655,57185,79.8,80500,20540,48.4,7.2
3542,3542 Lambton Health Unit / Circonscription sanitaire de Lambton ,4.2,126640,111000,87.7,0,0.0,72130,57.0,19245,15.2,35265,27.8,42.2,37420,5840,15.6,4540,12.1,1300,3.5,4.6,124595,7065,6305,89.2,1750,27.8,3060,48.5,1130,17.9,370,5.9,44230,29395,66.5,21705,73.8,5665,19.3,2025,6.9,61460,3055,5.0,36400,2320,6.4,18790,5190,27.6,121375,11705,9.6,22815,2690,11.8,48249,61492,35485,260674,13505,6090,45.1,38120,4095,10.7,69927,21.3,13.7,6890,5.5,12390,9.9,1380,11.1,1.1,5505,4.4,123340,5395,4.4,118485,15565,13.1,126638,126199,0.3,126640,26545,21.0,27290,21.5,61995,64640,1.0,44230,34665,78.4,51620,10180,45.1,8.1
3543,"3543 Leeds, Grenville and Lanark District Health Unit / Circonscription sanitaire du district de Leeds, Grenville et Lanark ",4.5,169245,137955,81.5,0,0.0,0,0.0,68040,40.2,101205,59.8,26.4,51820,7285,14.1,5575,10.8,1715,3.3,6.2,165995,7800,6820,87.4,2260,33.1,3225,47.3,1065,15.6,270,4.0,58990,37665,63.8,27180,72.2,7835,20.8,2650,7.0,85740,3815,4.4,51340,2390,4.7,22755,5735,25.2,165995,12370,7.5,29980,2415,8.1,43410,50278,36917,310018,15405,7480,48.6,54580,8680,15.9,69568,23.5,15.3,6020,3.6,11270,6.8,1225,10.9,0.7,3445,2.1,164500,9880,6.0,158650,29375,18.5,169244,164973,2.6,169245,33780,20.0,38490,22.7,82500,86745,1.0,58990,47795,81.0,69980,16160,48.6,7.2
3544,3544 Middlesex-London Health Unit / Circonscription sanitaire de Middlesex-London ,3.5,455525,454905,99.9,383435,84.2,0,0.0,28415,6.2,43680,9.6,137.3,125590,22300,17.8,17870,14.2,4430,3.5,4.4,448535,31635,28750,90.9,7115,24.7,10265,35.7,7860,27.3,3515,12.2,179930,122755,68.2,66940,54.5,35140,28.6,20675,16.8,239685,9670,4.0,125100,12080,9.7,77640,27470,35.4,448380,65790,14.7,89925,15905,17.7,44431,50886,38423,307098,69260,31615,45.7,118895,17010,14.3,64787,20.9,12.6,11140,2.5,90855,20.3,22270,24.5,5.0,76460,17.0,443760,17955,4.0,424330,48775,11.5,455526,439151,3.7,455525,102130,22.4,76745,16.8,221235,234295,0.9,179930,142500,79.2,188145,48625,45.7,7.4
3546,3546 Niagara Regional Area Health Unit / Circonscription sanitaire régionale de Niagara ,4.0,447885,447890,100.0,254105,56.7,62390,13.9,73970,16.5,57425,12.8,241.5,129470,22930,17.7,18265,14.1,4660,3.6,5.0,438160,24930,22780,91.4,6995,30.7,9060,39.8,5225,22.9,1500,6.6,162205,102525,63.2,65365,63.8,26005,25.4,11150,10.9,226595,9810,4.3,127980,9410,7.4,66075,21940,33.2,438160,49710,11.3,81490,10780,13.2,41858,49413,34827,323219,47640,22890,48.1,134830,22370,16.6,65141,22.3,15.4,12250,2.8,72855,16.6,11060,15.2,2.5,38815,8.9,434025,23595,5.4,417400,65275,15.6,447888,431346,3.8,447885,92470,20.6,95840,21.4,216915,230970,0.9,162205,129270,79.7,182470,45260,48.1,7.4
3547,3547 North Bay Parry Sound District Health Unit / Circonscription sanitaire du district de North Bay Parry Sound ,5.4,123820,73500,59.4,0,0.0,50390,40.7,16245,13.1,57185,46.2,7.3,37115,5775,15.6,4455,12.0,1320,3.6,6.9,121040,6530,5730,87.7,1895,33.1,2520,44.0,1065,18.6,255,4.5,43815,27620,63.0,19585,70.9,5905,21.4,2135,7.7,59010,3650,6.2,36155,2435,6.7,19450,6245,32.1,118375,12775,10.8,20795,2430,11.7,41119,48042,34447,292932,14685,7055,48.1,37630,6430,17.1,60463,21.9,17.5,14160,11.7,6495,5.4,1020,15.7,0.8,2540,2.1,120055,6620,5.5,115610,19210,16.6,123820,124787,-0.8,123820,24015,19.4,27805,22.5,60890,62935,1.0,43815,33055,75.4,52315,13490,48.1,9.6
3549,3549 Northwestern Health Unit / Circonscription sanitaire du Nord-Ouest ,7.8,76450,15485,20.3,0,0.0,0,0.0,30890,40.4,45560,59.6,0.4,21885,4240,19.4,3095,14.1,1145,5.2,8.8,75185,4445,3280,73.8,1150,35.1,1315,40.1,620,18.9,195,5.9,27445,14485,52.8,10345,71.4,3225,22.3,915,6.3,37415,2325,6.2,17830,815,4.6,8910,1785,20.0,59615,4290,7.2,11830,1165,9.8,42726,49279,36291,230241,6045,2315,38.4,19550,2145,11.0,67669,22.2,15.5,28060,37.3,3550,4.7,580,16.3,0.8,1275,1.7,74215,3355,4.5,70440,8865,12.6,76455,74741,2.3,76455,19805,25.9,12665,16.6,38190,38260,1.0,27445,20770,75.7,25590,4465,38.4,10.3
3551,3551 City of Ottawa Health Unit / Circonscription sanitaire de la ville d'Ottawa ,3.5,934245,934240,100.0,853030,91.3,0,0.0,16465,1.8,64750,6.9,334.8,254765,41230,16.2,32865,12.9,8370,3.3,4.0,916860,63245,59585,94.2,12180,20.4,16770,28.1,21515,36.1,9120,15.3,383885,295955,77.1,113305,38.3,112575,38.0,70070,23.7,513660,21345,4.2,253440,23705,9.4,148300,50655,34.2,916855,126870,13.8,187455,29685,15.8,54605,62746,47019,444589,128240,54130,42.3,244670,34535,14.1,85969,21.8,8.5,22955,2.5,216500,23.6,58230,26.9,6.4,241245,26.3,907585,24555,2.7,868130,74765,8.6,934243,883391,5.8,934245,212870,22.8,144140,15.4,453880,480370,0.9,383885,319065,83.1,372915,88665,42.3,7.2
3552,3552 Oxford County Health Unit / Circonscription sanitaire du comté d'Oxford ,3.7,110865,110860,100.0,0,0.0,40400,36.4,37475,33.8,32980,29.7,54.4,32460,4555,14.0,3485,10.7,1065,3.3,4.7,109155,6340,5485,86.5,1815,33.1,2590,47.2,925,16.9,160,2.9,41555,23750,57.2,17625,74.2,4670,19.7,1460,6.1,59685,1535,2.6,32300,1445,4.5,13485,3130,23.2,109155,7490,6.9,23945,1930,8.1,43553,51365,35968,301723,11475,4685,40.9,31325,3845,12.3,72345,24.3,13.4,2050,1.9,10785,9.9,1135,10.5,1.0,3435,3.1,107900,6585,6.1,102580,18930,18.5,110862,105719,4.9,110865,26435,23.8,20685,18.7,54745,56115,1.0,41555,35425,85.2,42805,8530,40.9,4.8
3553,3553 Peel Regional Health Unit / Circonscription sanitaire régionale de Peel ,2.5,1381745,1381745,100.0,1323685,95.8,5,0.0,33190,2.4,24855,1.8,1108.1,386185,65665,17.0,53940,14.0,11720,3.0,3.8,1372640,90340,84640,93.7,20420,24.1,25665,30.3,28600,33.8,9960,11.8,582635,395280,67.8,168850,42.7,150730,38.1,75705,19.2,753110,35315,4.7,356135,43790,12.3,102545,37855,36.9,1372645,194670,14.2,308940,58405,18.9,42651,49339,36287,618409,102345,46305,45.3,327545,90350,27.6,86314,23.4,10.4,9120,0.7,706835,51.5,193330,27.4,14.1,854560,62.3,1358030,47125,3.5,1296425,131900,10.2,1381744,1296814,6.5,1381745,350680,25.4,176820,12.8,678700,703045,1.0,582635,465095,79.8,429890,136655,45.3,8.2
3554,3554 Perth District Health Unit / Circonscription sanitaire du district de Perth ,3.9,76800,54800,71.4,0,0.0,31055,40.4,20625,26.9,25115,32.7,34.6,21690,2830,13.0,2165,10.0,660,3.0,3.7,75175,4335,3650,84.2,1220,33.4,1605,44.0,705,19.3,120,3.3,27780,15490,55.8,10920,70.5,3320,21.4,1250,8.1,42880,1015,2.4,21660,920,4.2,10145,2395,23.6,75175,5075,6.8,16535,1140,6.9,43635,50901,36643,333753,8105,2935,36.3,20715,2885,13.9,70355,23.7,12.5,1025,1.4,6670,8.9,900,13.5,1.2,2700,3.6,74345,3565,4.8,70775,10440,14.8,76796,75112,2.2,76795,18630,24.3,14320,18.6,37620,39175,1.0,27780,24030,86.5,28820,5820,36.3,4
3555,3555 Peterborough County-City Health Unit / Circonscription sanitaire du comté et de la cité de Peterborough ,4.6,138235,135760,98.2,0,0.0,82095,59.4,10050,7.3,46095,33.3,35.9,40315,6490,16.1,5095,12.6,1390,3.4,5.1,135075,8025,7310,91.1,2140,29.3,3235,44.3,1505,20.6,430,5.9,47765,31870,66.7,20155,63.2,8265,25.9,3450,10.8,68180,3100,4.5,39515,2880,7.3,22115,7915,35.8,133650,15995,12.0,23595,3060,13.0,41943,48855,35516,339461,15415,8045,52.3,41035,6910,16.9,64511,21.7,15.8,6160,4.6,11410,8.4,1480,13.0,1.1,5905,4.4,133810,7995,6.0,128430,22960,17.9,138236,134928,2.5,138235,27260,19.7,31545,22.8,66775,71460,0.9,47765,37890,79.3,56450,14955,52.3,8
3556,3556 Porcupine Health Unit / Circonscription sanitaire de Porcupine ,6.2,84195,41815,49.7,0,0.0,0,0.0,56565,67.2,27635,32.8,0.3,24760,4270,17.2,3125,12.6,1145,4.6,7.8,82975,5065,4095,80.8,1320,32.2,1905,46.5,705,17.2,165,4.0,31980,18850,58.9,14510,77.0,3350,17.8,990,5.3,41475,2120,5.1,22980,1160,5.0,11640,2815,24.2,76475,6325,8.3,15530,1680,10.8,44832,54734,34942,191925,10295,3875,37.6,23145,2610,11.3,67897,21.6,14.8,16255,19.6,2200,2.7,480,21.8,0.6,1295,1.6,82115,2855,3.5,78065,8450,10.8,84201,84223,0,84200,19990,23.7,14055,16.7,41955,42240,1.0,31980,24215,75.7,33440,6485,37.6,9.6
3557,3557 Renfrew County and District Health Unit / Circonscription sanitaire du comté et du district de Renfrew ,5.1,103590,74720,72.1,0,0.0,0,0.0,55190,53.3,48400,46.7,6.9,30385,4210,13.9,3170,10.4,1045,3.4,5.3,100440,6275,5700,90.8,2015,35.4,2450,43.0,995,17.5,240,4.2,37665,22700,60.3,16200,71.4,4765,21.0,1740,7.7,51230,2435,4.8,30025,1270,4.2,14970,3435,22.9,100010,7040,7.0,19620,1515,7.7,42424,50184,34761,264968,10375,4020,38.8,32055,4570,14.3,67503,24.0,15.4,8705,8.7,5555,5.5,765,13.8,0.8,2640,2.6,99310,5835,5.9,94765,17770,18.8,103593,102617,1,103590,21970,21.2,21650,20.9,51730,51865,1.0,37665,30095,79.9,42430,8590,38.8,7.3
3558,3558 The Eastern Ontario Health Unit / Circonscription sanitaire de l'Est de l'Ontario ,4.2,202760,180335,88.9,0,0.0,45720,22.5,60180,29.7,96860,47.8,38.2,60605,8950,14.8,6770,11.2,2180,3.6,5.0,198070,10630,9380,88.2,3170,33.8,4320,46.1,1475,15.7,420,4.5,74395,44415,59.7,32175,72.4,9170,20.6,3075,6.9,103345,4165,4.0,59715,3550,5.9,26010,7430,28.6,196650,17930,9.1,39010,4315,11.1,41932,47509,36531,265597,21760,10225,47.0,59170,8300,14.0,66931,22.9,15.2,7645,3.9,11205,5.7,1590,14.2,0.8,6530,3.3,195925,9515,4.9,187500,30230,16.1,202762,196545,3.2,202760,44040,21.7,40165,19.8,99685,103080,1.0,74395,60550,81.4,80930,18525,47.0,6.6
3560,3560 Simcoe Muskoka District Health Unit / Circonscription sanitaire du district de Simcoe Muskoka ,4.2,540245,478115,88.5,145615,27.0,31130,5.8,197905,36.6,165600,30.7,61.4,159360,25610,16.1,19770,12.4,5845,3.7,4.7,529465,29780,26480,88.9,8985,33.9,11085,41.9,5230,19.8,1185,4.5,205155,124375,60.6,84035,67.6,30405,24.4,9930,8.0,287280,11840,4.1,155630,8685,5.6,65855,16980,25.8,527730,42415,8.0,104575,9950,9.5,45017,53456,36944,416454,43200,21090,48.9,163555,32010,19.6,75296,23.1,13.0,24110,4.6,66120,12.5,8865,13.4,1.7,35060,6.6,524215,37085,7.1,502600,108605,21.6,540249,504080,7.2,540250,118795,22.0,101660,18.8,266025,274225,1.0,205155,168500,82.1,206750,53095,48.9,7
3561,3561 Sudbury and District Health Unit / Circonscription sanitaire de Sudbury et son district ,4.6,196445,171715,87.4,0,0.0,88050,44.8,47790,24.3,60605,30.9,4.2,57690,9940,17.2,7610,13.2,2330,4.0,6.2,192980,11400,9935,87.1,2540,25.6,4725,47.6,2115,21.3,565,5.7,74695,50460,67.6,34370,68.1,11545,22.9,4550,9.0,99555,5125,5.1,56070,3350,6.0,30090,8955,29.8,187695,18465,9.8,34920,3905,11.2,46788,56650,37276,285738,25995,10560,40.7,55880,6735,12.1,69320,21.4,13.6,24040,12.5,10575,5.5,1915,18.1,1.0,6340,3.3,191080,5620,2.9,183205,17295,9.4,196448,194620,0.9,196450,41315,21.0,37590,19.1,96585,99860,1.0,74695,59240,79.3,81870,17300,40.7,8.8
3562,3562 Thunder Bay District Health Unit / Circonscription sanitaire du district de Thunder Bay ,5.9,151890,127755,84.1,0,0.0,93950,61.9,8105,5.3,49835,32.8,0.7,43205,8290,19.2,6300,14.6,1995,4.6,6.4,148915,9365,7925,84.6,2155,27.2,3025,38.2,2110,26.6,635,8.0,55995,35395,63.2,21910,61.9,9800,27.7,3685,10.4,74925,3545,4.7,40585,2695,6.6,24140,7170,29.7,138865,15175,10.9,25305,3510,13.9,44031,51508,36755,241907,16335,6820,41.8,45130,4665,10.3,67548,22.2,15.0,27585,18.5,11710,7.9,1470,12.6,1.0,5165,3.5,147540,5105,3.5,141255,13555,9.6,151884,147346,3.1,151885,32505,21.4,28625,18.8,75200,76685,1.0,55995,43075,76.9,61465,11480,41.8,8.4
3563,3563 Timiskaming Health Unit / Circonscription sanitaire de Timiskaming ,5.2,33050,610,1.8,0,0.0,0,0.0,16515,50.0,16535,50.0,2.3,9720,1415,14.6,1055,10.9,360,3.7,7.0,32450,1680,1390,82.7,390,28.1,705,50.7,245,17.6,55,4.0,11490,6995,60.9,5445,77.8,1150,16.4,395,5.6,15725,830,5.3,9605,520,5.4,5580,1620,29.0,32235,3200,9.9,6070,640,10.5,41425,50598,32257,200382,3810,1590,42.1,10585,1440,13.6,58790,21.3,17.5,2755,8.5,1150,3.5,160,13.9,0.5,500,1.5,32135,1855,5.8,30805,5215,16.9,33049,33365,-0.9,33045,6895,20.9,7210,21.8,16365,16680,1.0,11490,8825,76.8,14395,3030,42.1,9
3565,3565 Waterloo Health Unit / Circonscription sanitaire de Waterloo ,3.6,535155,535155,100.0,470010,87.8,0,0.0,34280,6.4,30860,5.8,390.9,149835,23990,16.0,19120,12.8,4875,3.3,4.4,527345,37320,33405,89.5,8990,26.9,10765,32.2,9800,29.3,3850,11.5,221450,144815,65.4,75885,52.4,45355,31.3,23580,16.3,296480,10325,3.5,147265,9625,6.5,71535,22875,32.0,527340,53570,10.2,114420,12775,11.2,46906,55929,38126,395678,64700,27315,42.3,138125,20150,14.6,77566,22.5,10.4,8980,1.7,119335,22.6,28770,24.1,5.5,100025,19.0,521405,25505,4.9,496995,68790,13.8,535154,507096,5.5,535155,128990,24.1,77185,14.4,264265,270885,1.0,221450,183225,82.7,202825,47465,42.3,6.3
3566,3566 Wellington-Dufferin-Guelph Health Unit / Circonscription sanitaire de Wellington-Dufferin-Guelph ,3.8,284460,253350,89.1,132395,46.5,30735,10.8,51310,18.0,70020,24.6,68.6,80805,11395,14.1,8830,10.9,2565,3.2,4.3,280265,17550,15700,89.5,4595,29.3,5400,34.4,4165,26.5,1540,9.8,113055,72295,63.9,39425,54.5,21985,30.4,10885,15.1,161760,4885,3.0,79445,3890,4.9,34735,9445,27.2,280260,21255,7.6,61220,4730,7.7,48585,57591,39933,462894,25980,10735,41.4,78910,13530,17.2,83118,23.0,10.0,4550,1.6,46070,16.4,8715,18.9,3.1,32385,11.6,277140,16685,6.0,264040,48195,18.3,284461,265241,7.2,284460,69045,24.3,44845,15.8,140015,144450,1.0,113055,96945,85.8,104890,24265,41.4,5.4
3568,3568 Windsor-Essex County Health Unit / Circonscription sanitaire de Windsor-comté d'Essex ,4.2,398955,398720,99.9,287070,72.0,32990,8.3,29225,7.3,49665,12.4,215.5,111325,20455,18.4,16360,14.7,4090,3.7,5.1,391005,23055,20840,90.4,6105,29.3,7225,34.7,5330,25.6,2185,10.5,151285,94280,62.3,54365,57.7,26695,28.3,13220,14.0,195090,7780,4.0,110085,10185,9.3,55755,18725,33.6,391005,51810,13.3,81485,13970,17.1,44139,52973,35650,246774,43245,19025,44.0,114735,14515,12.7,66815,21.2,14.0,9870,2.5,85810,21.9,19970,23.3,5.1,70725,18.1,387195,13370,3.5,370750,38450,10.4,398953,388782,2.6,398950,91990,23.1,70440,17.7,196260,202695,1.0,151285,116770,77.2,157985,33540,44.0,7.3
3570,3570 York Regional Health Unit / Circonscription sanitaire régionale de York ,2.4,1109910,1109910,100.0,976325,88.0,32635,2.9,56715,5.1,44240,4.0,629.9,319535,43940,13.8,35455,11.1,8485,2.7,3.5,1100950,63720,60270,94.6,12855,21.3,16705,27.7,23195,38.5,7515,12.5,457835,335520,73.3,130770,39.0,139815,41.7,64940,19.4,604200,23665,3.9,301585,34670,11.5,73875,26885,36.4,1100690,139655,12.7,239415,34125,14.3,50867,60882,41534,871831,50485,26060,51.8,306030,85820,28.1,95773,21.1,8.4,5915,0.5,515230,46.8,108265,21.0,9.8,541200,49.2,1090730,42645,3.9,1043775,133665,12.8,1109909,1032524,7.5,1109910,270480,24.4,161925,14.6,540760,569150,1.0,457835,376450,82.2,356520,111880,51.8,6.4
3595,3595 City of Toronto Health Unit / Circonscription sanitaire de la cité de Toronto ,3.8,2731570,2731570,100.0,2731435,100.0,0,0.0,0,0.0,130,0.0,4334.4,718750,152595,21.2,128545,17.9,24050,3.3,4.9,2691665,231855,217895,94.0,43330,19.9,51275,23.5,88380,40.6,34915,16.0,1221810,880515,72.1,304190,34.5,366810,41.7,209510,23.8,1483675,71470,4.8,705445,125830,17.8,517005,218590,42.3,2691665,612365,22.8,476155,130325,27.4,52268,62667,42807,754015,525825,245605,46.8,587080,160465,27.4,65808,16.4,9.3,23065,0.9,1266000,47.0,355730,28.1,13.2,1385850,51.5,2663555,65770,2.5,2556120,184120,7.2,2731571,2615060,4.5,2731570,543660,19.9,426940,15.6,1313585,1417980,0.9,1221810,949765,77.7,1112905,406070,46.8,8.2
46,Manitoba ,4.3,1278365,995790,77.9,711920,55.7,48315,3.8,174960,13.7,343175,26.8,2.3,346160,58960,17.0,45930,13.3,13030,3.8,5.3,1240700,84945,74025,87.1,27300,36.9,22105,29.9,19895,26.9,4730,6.4,492790,294575,59.8,158880,53.9,99645,33.8,36050,12.2,662155,24430,3.7,328065,30305,9.2,171735,52970,30.8,1175715,154500,13.1,260950,44800,17.2,43767,51068,36747,297444,138905,51035,36.9,324120,36975,11.4,68070,25.7,11.9,223310,18.0,227470,18.3,111625,49.1,9.0,216850,17.5,1225480,41310,3.4,1161240,117135,10.1,1278365,1208268,5.8,1278365,326260,25.5,198965,15.6,631395,646970,1.0,492790,395795,80.3,463025,88010,36.9,6.7
4601,4601 Winnipeg Regional Health Authority ,3.3,720885,719985,99.9,710950,98.6,0,0.0,0,0.0,9935,1.4,1112.3,194105,35500,18.3,28265,14.6,7240,3.7,3.9,705625,52410,48305,92.2,15795,32.7,13205,27.3,15380,31.8,3925,8.1,295675,194375,65.7,90350,46.5,75280,38.7,28745,14.8,392115,13515,3.4,192110,22910,11.9,113595,41515,36.5,705625,117855,16.7,146715,32525,22.2,45436,52882,38431,322679,99160,38955,39.5,187345,22835,12.2,68955,21.6,10.9,85995,12.2,178100,25.2,88720,49.8,12.6,193955,27.5,697875,13370,1.9,665905,36155,5.4,720883,678408,6.3,720885,165690,23.0,112920,15.7,352215,368665,1.0,295675,242615,82.1,286510,61790,39.5,6.5
4602,4602 Prairie Mountain Health ,5.0,165600,60135,36.3,0,0.0,48315,29.2,34290,20.7,82995,50.1,2.6,45430,6695,14.7,5245,11.5,1445,3.2,6.6,157970,9900,8490,85.8,3510,41.3,2990,35.2,1675,19.7,320,3.8,58130,31645,54.4,21355,67.5,7835,24.8,2455,7.8,84155,3100,3.7,43640,2840,6.5,24280,5335,22.0,150045,14365,9.6,33310,4205,12.6,41671,48149,35378,227861,16650,4925,29.6,42915,4190,9.8,61613,22.0,14.0,27585,17.5,14085,8.9,8950,63.5,5.7,11760,7.4,155890,7765,5.0,147670,22735,15.4,165600,161325,2.6,165600,41775,25.2,31665,19.1,81720,83880,1.0,58130,46905,80.7,59565,9115,29.6,6.6
4603,4603 Interlake-Eastern Regional Health Authority ,5.5,127610,64240,50.3,970,0.8,0,0.0,30760,24.1,95880,75.1,1.6,37235,5320,14.3,3955,10.6,1365,3.7,7.2,122890,6165,4990,80.9,2175,43.6,1865,37.4,800,16.0,155,3.1,44110,23745,53.8,16850,71.0,5400,22.7,1500,6.3,62680,2655,4.2,33420,1345,4.0,12650,2085,16.5,108735,6525,6.0,21875,2030,9.3,43166,50765,35508,299416,5615,1790,32.1,37250,4160,11.2,70323,22.6,13.6,33540,27.3,7110,5.8,1460,20.5,1.2,2180,1.8,121635,6595,5.4,115765,19430,16.8,127601,123217,3.6,127610,31065,24.3,23410,18.3,64595,63010,1.0,44110,34575,78.4,42860,5950,32.1,7.5
4604,4604 Northern Regional Health Authority ,9.7,72220,16215,22.5,0,0.0,0,0.0,28210,39.1,44010,60.9,0.2,18335,5850,31.9,4260,23.2,1595,8.7,12.1,71050,5250,3095,59.0,1715,55.4,825,26.7,470,15.2,80,2.6,26305,10330,39.3,7170,69.4,2440,23.6,720,7.0,28040,2430,8.7,9245,680,7.4,4360,795,18.2,33625,3295,9.8,9260,1400,15.1,37539,42656,32418,196929,4850,1085,22.2,7955,490,6.1,65829,20.6,15.9,51605,72.6,0,0.0,0,#DIV/0!,0.0,2300,3.2,69620,2600,3.7,63405,6620,10.4,72220,70093,3,72220,27845,38.6,5285,7.3,36455,35765,1.0,26305,16030,60.9,12815,1570,22.2,14.2
4605,4605 Southern Health / Santé Sud ,4.4,192050,135210,70.4,0,0.0,0,0.0,81700,42.5,110350,57.5,7.1,51055,5595,11.0,4205,8.2,1390,2.7,6.2,183165,11225,9150,81.5,4105,44.9,3225,35.2,1575,17.2,245,2.7,68575,34480,50.3,23155,67.2,8695,25.2,2630,7.6,95160,2725,2.9,49645,2530,5.1,16850,3235,19.2,177685,12470,7.0,49785,4635,9.3,41284,49467,33157,276578,12620,4280,34.1,48655,5305,10.9,69541,24.0,12.3,24590,13.4,25705,14.0,11130,43.3,6.1,6655,3.6,180455,10980,6.1,168495,32190,19.1,192061,175225,9.6,192050,59890,31.2,25680,13.4,96405,95650,1.0,68575,55665,81.2,61275,9590,34.1,5.3
47,Saskatchewan ,4.8,1098350,751750,68.4,459810,41.9,79575,7.2,194035,17.7,364935,33.2,1.9,302260,49490,16.4,38165,12.6,11325,3.7,6.3,1070560,76205,67360,88.4,24240,36.0,22045,32.7,17000,25.2,4075,6.0,424180,256280,60.4,149800,58.5,78405,30.6,28080,11.0,585535,22365,3.8,287795,17530,6.1,158420,34630,21.9,1014615,92650,9.1,229790,27765,12.1,49409,58791,40184,318917,107535,45270,42.1,289810,35025,12.1,75388,21.6,10.5,175020,16.3,112490,10.5,72305,64.3,6.8,115875,10.8,1055825,49935,4.7,998200,147360,14.8,1098352,1033381,6.3,1098350,283340,25.8,170425,15.5,545780,552570,1.0,424180,342325,80.7,397345,80290,42.1,7.1
4701,4701 Sun Country Regional Health Authority ,4.5,56220,29000,51.6,0,0.0,0,0.0,25600,45.5,30625,54.5,1.7,15970,1765,11.1,1270,8.0,495,3.1,6.6,54985,3695,3340,90.4,1380,41.3,1260,37.7,640,19.2,60,1.8,21615,11440,52.9,8175,71.5,2675,23.4,600,5.2,31695,925,2.9,15700,555,3.5,8000,1025,12.8,54035,2725,5.0,12560,750,6.0,56970,72323,40790,281444,4685,1500,32.1,15715,1530,9.8,82781,21.5,8.2,2995,5.4,4080,7.4,2800,68.6,5.1,3580,6.5,54175,2460,4.5,51255,8750,17.1,56230,55363,1.6,56220,14375,25.6,9460,16.8,28365,27860,1.0,21615,17945,83.0,20395,3030,32.1,6.9
4702,4702 Five Hills Regional Health Authority ,4.7,53615,38285,71.4,0,0.0,32725,61.0,2390,4.5,18505,34.5,2.0,15075,2050,13.6,1590,10.5,460,3.1,6.7,52025,3135,2785,88.8,1075,38.6,975,35.0,645,23.2,100,3.6,19170,10945,57.1,7490,68.4,2650,24.2,805,7.4,28680,800,2.8,15120,850,5.6,8800,1940,22.0,52005,4485,8.6,11160,1195,10.7,46462,55780,37212,255753,5855,2320,39.5,15270,1550,10.2,68412,22.6,12.1,2940,5.7,3485,6.7,1905,54.7,3.7,2860,5.5,51395,2955,5.7,48895,7630,15.6,53621,52546,2,53615,12440,23.2,10760,20.1,26635,26980,1.0,19170,16195,84.5,21130,3865,39.5,5.3
4703,4703 Cypress Regional Health Authority ,6.0,42965,20645,48.1,0,0.0,0,0.0,19790,46.1,23170,53.9,1.0,11645,1150,9.9,905,7.8,245,2.1,6.5,38950,2210,1985,89.8,780,39.3,685,34.5,435,21.9,75,3.8,13905,7810,56.2,5415,69.3,1960,25.1,435,5.6,22920,460,2.0,11515,485,4.2,6230,1085,17.4,38785,2545,6.6,7970,575,7.2,46759,55333,38117,241633,3520,1130,32.2,11550,1115,9.7,70561,22.8,11.1,1705,4.4,2715,7.0,1630,60.0,4.2,2330,6.0,38545,2035,5.3,36670,6195,16.9,42967,42342,1.5,42970,10195,23.7,8370,19.5,21430,21540,1.0,13905,12105,87.1,15070,2245,32.2,4.3
4704,4704 Regina Qu'Appelle Regional Health Authority ,4.1,278270,246305,88.5,214630,77.1,0,0.0,17500,6.3,46140,16.6,10.8,76870,13015,16.9,10195,13.3,2820,3.7,5.6,273735,20830,19080,91.6,6560,34.4,5500,28.8,5650,29.6,1370,7.2,114335,72795,63.7,37535,51.6,26140,35.9,9110,12.5,154835,4930,3.2,74935,4750,6.3,42665,9370,22.0,266595,25440,9.5,59235,7845,13.2,52820,61618,44213,359381,30755,14000,45.6,76590,8990,11.7,80830,22.1,9.1,32250,11.8,38240,14.0,24470,64.0,8.9,42070,15.4,269920,10815,4.0,255615,31810,12.4,278281,254466,9.4,278270,68895,24.8,40110,14.4,137860,140405,1.0,114335,95220,83.3,107345,22995,45.6,6
4705,4705 Sunrise Regional Health Authority ,4.9,55110,23265,42.2,0,0.0,0,0.0,27015,49.0,28100,51.0,2.3,15870,2100,13.2,1585,10.0,520,3.3,6.4,53875,2820,2470,87.6,1035,41.9,930,37.7,425,17.2,80,3.2,19035,10600,55.7,7470,70.5,2510,23.7,625,5.9,28335,970,3.4,15465,765,4.9,8715,1700,19.5,52355,3945,7.5,10850,920,8.5,44035,52498,35701,230256,4610,1925,41.9,16715,1840,11.0,61594,20.7,14.1,5435,10.1,3255,6.0,2120,65.1,3.9,2625,4.9,53265,3390,6.4,50840,9000,17.7,55094,54812,0.5,55110,12705,23.1,12450,22.6,27340,27775,1.0,19035,15755,82.8,21325,3760,41.9,5.9
4706,4706 Saskatoon Regional Health Authority ,4.6,344515,300230,87.1,245180,71.2,0,0.0,38150,11.1,61180,17.8,10.7,93420,13855,14.8,10810,11.6,3040,3.3,5.3,336235,27055,25045,92.6,8040,32.1,7775,31.0,7265,29.0,1965,7.8,141525,93365,66.0,48475,51.9,31580,33.8,13305,14.3,191735,6765,3.5,92660,5865,6.3,53305,13290,24.9,333360,33165,9.9,75535,9425,12.5,51962,62720,41476,369323,37100,16365,44.2,94165,13075,13.9,80650,21.9,9.0,36555,10.9,47570,14.1,30300,63.7,9.0,50825,15.1,331605,14855,4.5,313670,46995,15.0,344458,310324,11,344515,85950,24.9,47820,13.9,170700,173815,1.0,141525,116575,82.4,131265,29445,44.2,6.6
4707,4707 Heartland Regional Health Authority ,4.9,41880,790,1.9,0,0.0,0,0.0,14180,33.9,27705,66.1,1.0,11480,1040,9.1,780,6.8,260,2.3,7.4,39485,2055,1820,88.6,605,33.2,825,45.3,335,18.4,55,3.0,14270,8280,58.0,6135,74.1,1730,20.9,410,5.0,22565,465,2.1,11595,370,3.2,5985,860,14.4,39490,1995,5.1,8820,485,5.5,49279,58639,39440,220827,2830,850,30.2,11585,1140,9.9,75603,23.0,10.4,1390,3.5,2000,5.1,1250,62.5,3.2,1495,3.8,39045,2000,5.1,37100,6255,16.9,41890,41820,0.2,41885,10230,24.4,8260,19.7,21125,20755,1.0,14270,12145,85.1,14420,1995,30.2,4.7
4708,4708 Kelsey Trail Regional Health Authority ,5.3,39565,0,0.0,0,0.0,0,0.0,14190,35.9,25375,64.1,0.9,11260,1490,13.2,1150,10.2,345,3.1,7.3,39035,1880,1550,82.4,710,45.8,585,37.7,215,13.9,40,2.6,13205,7070,53.5,5105,72.2,1545,21.9,420,5.9,19590,850,4.3,10660,595,5.6,5430,980,18.0,35845,2760,7.7,7620,740,9.7,40589,48235,33093,199883,3030,1260,41.6,10885,1265,11.6,59522,21.3,16.4,7095,18.2,1795,4.6,1280,71.3,3.3,1510,3.9,38630,1880,4.9,36650,5595,15.3,39574,40978,-3.4,39565,9995,25.3,8525,21.5,19640,19930,1.0,13205,10230,77.5,13915,2525,41.6,7.5
4709,4709 Prince Albert Parkland Regional Health Authority ,5.9,75605,51200,67.7,0,0.0,35100,46.4,2310,3.1,38200,50.5,2.5,20805,4555,21.9,3490,16.8,1070,5.1,8.3,73220,4535,3550,78.3,1530,43.1,1285,36.2,575,16.2,160,4.5,26075,14190,54.4,9840,69.3,3315,23.4,1040,7.3,35725,2110,5.9,18410,1565,8.5,9160,2275,24.8,63975,7620,11.9,15100,2725,18.0,42729,48598,37149,278629,6850,2935,42.8,17495,2070,11.9,65409,21.1,14.9,29770,40.7,3765,5.1,2290,60.8,3.1,3210,4.4,72175,3865,5.4,68145,10220,15.0,75637,75413,0.3,75605,21275,28.1,12535,16.6,37660,37945,1.0,26075,19090,73.2,24345,5000,42.8,10.4
4710,4710 Prairie North Regional Health Authority ,5.1,75145,42035,55.9,0,0.0,11755,15.6,22570,30.0,40820,54.3,2.6,20595,4540,22.0,3485,16.9,1055,5.1,8.6,73815,5145,4205,81.7,1660,39.5,1720,40.9,665,15.8,160,3.8,28280,15325,54.2,10875,71.0,3360,21.9,1085,7.1,37470,2310,6.2,17535,1155,6.6,8540,1685,19.7,61835,5440,8.8,15675,1930,12.3,44341,52597,36314,294239,6170,2375,38.6,16630,2125,12.8,71930,21.7,12.3,24175,32.8,5235,7.1,4080,77.9,5.5,5095,6.9,72580,4455,6.1,67885,11880,17.5,75147,70634,6.4,75145,23025,30.6,9740,13.0,37225,37920,1.0,28280,20885,73.9,22795,4500,38.6,11
4711,4711 Mamawetan Churchill River Regional Health Authority ,6.8,22280,0,0.0,0,0.0,0,0.0,10340,46.4,11945,53.6,0.2,5785,2265,39.2,1605,27.7,655,11.3,8.4,22170,1695,890,52.5,525,59.0,260,29.2,95,10.7,10,1.1,7835,2770,35.4,1955,70.6,645,23.3,175,6.3,7475,1080,14.4,2465,330,13.4,900,195,21.7,9305,1540,16.6,2955,785,26.6,32772,36229,29370,222750,1040,310,29.8,2020,185,9.2,55995,18.4,18.9,18290,82.5,0,0.0,0,#DIV/0!,0.0,230,1.0,21680,770,3.6,19740,1900,9.6,22282,21623,3,22280,9075,40.7,1435,6.4,11280,10995,1.0,7835,3940,50.3,3065,495,29.8,20.4
4712,4712 Keewatin Yatthé Regional Health Authority ,7.1,10540,0,0.0,0,0.0,0,0.0,0,0.0,10540,100.0,0.1,2820,1440,51.1,1150,40.8,285,10.1,10.3,10425,960,565,58.9,300,53.1,210,37.2,50,8.8,10,1.8,3920,1445,36.9,1155,79.9,230,15.9,60,4.2,3455,510,14.8,1660,235,14.2,640,215,33.6,6680,965,14.4,2240,380,17.0,31948,32813,31137,175715,1020,295,29.1,1145,130,11.8,47680,18.0,27.3,9930,95.3,50,0.5,20,40.0,0.2,40,0.4,10240,345,3.4,9355,925,9.9,10539,10763,-2.1,10540,4090,38.8,815,7.7,5185,5355,1.0,3920,1780,45.4,2165,430,29.1,27.4
4713,4713 Athabasca Health Authority ,4.6,2630,0,0.0,0,0.0,0,0.0,0,0.0,2635,100.2,0.1,670,220,32.8,155,23.1,70,10.4,5.7,2615,195,70,35.9,45,64.3,20,28.6,0,0.0,0,0.0,1000,245,24.5,185,75.5,55,22.4,10,4.1,1060,200,18.9,80,0,0.0,60,10,16.7,350,20,5.7,80,10,12.5,28882,32930,24812,74706,70,10,14.3,50,0,0.0,62080,20.1,18.8,2490,95.2,0,0.0,0,#DIV/0!,0.0,0,0.0,2570,110,4.3,2385,210,8.8,2632,2297,14.6,2635,1095,41.6,135,5.1,1330,1305,1.0,1000,470,47.0,125,10,14.3,37.3
4714,4714 Mamawetan/Keewatin/Athabasca Regional Health Authorities ,6.7,35455,0,0.0,0,0.0,0,0.0,10335,29.1,25115,70.8,0.1,9270,3930,42.4,2915,31.4,1010,10.9,8.8,35205,2850,1530,53.7,865,56.5,495,32.4,150,9.8,20,1.3,12755,4460,35.0,3290,73.8,925,20.7,245,5.5,11985,1790,14.9,4205,575,13.7,1590,420,26.4,16340,2525,15.5,5270,1170,22.2,32241,34962,29598,203663,2135,615,28.8,3210,320,10.1,53050,18.3,21.4,30710,87.2,0,0.0,0,#DIV/0!,0.0,275,0.8,34490,1230,3.6,31480,3045,9.7,35453,34683,2.2,35455,14265,40.2,2390,6.7,17795,17660,1.0,12755,6190,48.5,5350,935,28.8,23.9
48,Alberta ,4.7,4067175,3508410,86.3,2300285,56.6,495975,12.2,603035,14.8,667875,16.4,6.4,1114585,161260,14.5,123490,11.1,37770,3.4,6.1,3978145,306820,272765,88.9,84135,30.8,92370,33.9,76860,28.2,19405,7.1,1763210,1158910,65.7,625270,54.0,380670,32.8,152970,13.2,2302940,107410,4.7,1090345,69980,6.4,570855,135700,23.8,3925220,366000,9.3,891740,99495,11.2,62778,80001,45535,449790,410225,146275,36.0,1075470,162210,15.1,93931,20.6,6.7,258640,6.5,845215,21.2,354700,42.0,8.9,933160,23.5,3925440,166390,4.2,3714635,559860,15.1,4067175,3645257,11.6,4067175,1019190,25.1,500220,12.3,2039405,2027765,1.0,1763210,1408470,79.9,1485695,308485,36.0,9
4831,4831 South Zone ,5.1,291110,225640,77.5,0,0.0,150505,51.7,65605,22.5,74995,25.8,4.5,78490,11185,14.3,8650,11.0,2535,3.2,6.4,277745,18345,15185,82.8,5575,36.7,5870,38.7,3130,20.6,610,4.0,107060,60420,56.4,40185,66.5,15325,25.4,4910,8.1,148350,5585,3.8,76635,4185,5.5,39795,8930,22.4,271695,22775,8.4,65280,6490,9.9,48999,60592,37548,314814,28060,10135,36.4,76035,9875,13.0,75075,22.2,10.7,19420,7.0,35195,12.7,14210,40.4,5.1,24460,8.8,273925,14005,5.1,258900,42370,16.4,291112,273858,6.3,291110,77765,26.7,45735,15.7,144775,146335,1.0,107060,84295,78.7,104090,20015,36.4,7.6
4832,4832 Calgary Zone,4.1,1551875,1507010,97.1,1237650,79.8,61085,3.9,151650,9.8,101500,6.5,40.0,426565,57930,13.6,44760,10.5,13175,3.1,5.0,1525475,116930,107110,91.6,28930,27.0,31640,29.5,37180,34.7,9355,8.7,703130,497135,70.7,222230,44.7,193320,38.9,81590,16.4,900855,46665,5.2,417060,29240,7.0,217325,56400,26.0,1516070,152745,10.1,338700,39360,11.6,68678,87675,49902,527083,151455,54775,36.6,419630,68830,16.4,98775,19.6,5.5,54765,3.6,421680,27.6,172535,40.9,11.3,473020,31.0,1506285,50215,3.3,1427910,181050,12.7,1551876,1360838,14,1551875,381545,24.6,176810,11.4,774935,776940,1.0,703130,567160,80.7,571090,123605,36.6,9.2
4833,4833 Central Zone ,5.1,461555,272375,59.0,0,0.0,119360,25.9,158425,34.3,183775,39.8,5.0,128735,18055,14.0,13725,10.7,4330,3.4,6.6,445685,29480,24795,84.1,9700,39.1,10555,42.6,3800,15.3,735,3.0,179620,102940,57.3,74830,72.7,22055,21.4,6055,5.9,251265,11560,4.6,125945,6130,4.9,63210,10405,16.5,435670,29240,6.7,100625,8370,8.3,56227,72731,39723,353427,40910,14465,35.7,123780,17565,14.2,83798,21.2,8.7,34225,7.7,38730,8.7,17430,45.0,3.9,31055,7.0,440070,26500,6.0,416990,82975,19.9,461553,433566,6.5,461555,118170,25.6,69715,15.1,231520,230035,1.0,179620,140105,78.0,164690,32030,35.7,9.8
4834,4834 Edmonton Zone ,4.4,1320800,1317570,99.8,1062635,80.5,36135,2.7,112230,8.5,109800,8.3,114.0,360695,56035,15.5,43465,12.1,12570,3.5,5.7,1296805,108050,97655,90.4,28705,29.4,32945,33.7,28195,28.9,7815,8.0,582385,392345,67.4,211720,54.0,126860,32.3,53765,13.7,757800,32775,4.3,355705,25510,7.2,195380,52385,26.8,1292410,137690,10.7,284765,37560,13.2,60744,76680,44894,437538,151560,56675,37.8,346850,52155,15.1,94393,21.5,7.0,76105,5.9,308625,23.8,130075,42.1,10.0,363920,28.1,1279505,53785,4.2,1211875,177130,14.6,1320798,1159644,13.9,1320795,318685,24.1,162870,12.3,660180,660610,1.0,582385,468780,80.5,498410,108825,37.8,8.5
4835,4835 North Zone ,7.0,441835,185815,42.1,0,0.0,128895,29.2,115135,26.1,197805,44.8,1.0,120110,18050,15.0,12890,10.7,5155,4.3,10.3,432445,34020,28020,82.4,11215,40.0,11360,40.5,4555,16.3,890,3.2,191015,106070,55.5,76310,71.9,23110,21.8,6650,6.3,244670,10825,4.4,115005,4915,4.3,55150,7575,13.7,409370,23555,5.8,102370,7715,7.5,63625,82816,42884,394880,38245,10225,26.9,109170,13785,12.7,103307,21.5,6.5,74120,17.1,40990,9.5,20455,49.9,4.7,40705,9.4,425650,21890,5.1,398960,76340,19.1,441836,417351,5.9,441835,123020,27.8,45090,10.2,227995,213840,1.1,191015,148130,77.5,147420,24010,26.9,9.8
59,British Columbia / Colombie-Britannique ,4.9,4648055,4244755,91.3,2873770,61.8,597525,12.9,544910,11.7,631855,13.6,5.0,1311340,197940,15.1,155675,11.9,42265,3.2,6.1,4560240,300130,276440,92.1,83910,30.4,85930,31.1,83255,30.1,23340,8.4,1863055,1236305,66.4,625395,50.6,410455,33.2,200455,16.2,2471670,88535,3.6,1252910,128265,10.2,755295,264350,35.0,4477745,644550,14.4,817245,122985,15.0,45616,54797,36901,720689,592825,255960,43.3,1242600,256250,20.7,69979,20.5,11.1,270580,5.9,1292675,28.3,349060,27.0,7.7,1381240,30.3,4516810,249965,5.5,4339960,672805,15.5,4648055,4400057,5.6,4648055,950365,20.4,848990,18.3,2278240,2369815,1.0,1863055,1493470,80.2,1835430,512210,43.3,6.7
5911,5911 East Kootenay Health Service Delivery Area ,6.6,79855,27840,34.9,0,0.0,0,0.0,45190,56.6,34665,43.4,1.8,23970,2905,12.1,2185,9.1,725,3.0,9.2,78110,4065,3640,89.5,1310,36.0,1485,40.8,715,19.6,125,3.4,29010,18030,62.2,12480,69.2,4035,22.4,1525,8.5,41180,1570,3.8,23580,1185,5.0,12755,2945,23.1,77295,6245,8.1,14565,1290,8.9,46309,58204,34334,355861,7425,2900,39.1,26185,3205,12.2,71212,22.6,12.9,6210,8.0,7750,9.9,1610,20.8,2.1,2800,3.6,77360,4755,6.1,74245,13630,18.4,79856,75688,5.5,79855,16460,20.6,16805,21.0,39895,39960,1.0,29010,23560,81.2,33610,6110,39.1,7.9
5912,5912 Kootenay-Boundary Health Service Delivery Area ,6.7,78465,18305,23.3,0,0.0,0,0.0,41755,53.2,36710,46.8,2.8,23120,3295,14.3,2390,10.3,910,3.9,9.1,76795,3370,3075,91.2,1090,35.4,1370,44.6,485,15.8,130,4.2,27550,17700,64.2,12030,68.0,3835,21.7,1835,10.4,38730,1680,4.3,23145,1635,7.1,14780,4055,27.4,76795,8475,11.0,13370,1705,12.8,40596,49645,31474,330002,7890,3380,42.9,27435,4355,15.9,57917,21.7,16.1,4485,5.8,8430,11.0,1375,16.3,1.8,2775,3.6,76140,5445,7.2,73500,13380,18.2,78463,77405,1.4,78465,14885,19.0,18135,23.1,39130,39335,1.0,27550,21655,78.6,35330,7735,42.9,8.6
5913,5913 Okanagan Health Service Delivery Area ,5.2,362260,325745,89.9,151960,41.9,81690,22.6,47215,13.0,81400,22.5,17.4,106910,14830,13.9,11495,10.8,3340,3.1,6.5,353460,18735,16725,89.3,6260,37.4,6510,38.9,3280,19.6,675,4.0,125845,78930,62.7,52980,67.1,17905,22.7,8045,10.2,182890,7155,3.9,100235,6240,6.2,59020,18375,31.1,336425,36145,10.7,57610,6595,11.4,44395,54169,35250,482594,38945,18015,46.3,105210,18210,17.3,65770,21.5,14.1,23865,6.8,47040,13.3,8730,18.6,2.5,23865,6.8,350325,23780,6.8,338300,69090,20.4,362258,341823,6,362255,68195,18.8,87965,24.3,175515,186740,0.9,125845,101395,80.6,144160,36225,46.3,7.6
5914,5914 Thompson/Cariboo Health Service Delivery Area ,6.2,219470,163380,74.4,0,0.0,78025,35.6,54615,24.9,86825,39.6,1.9,64880,9520,14.7,7190,11.1,2340,3.6,7.8,214210,11805,10430,88.4,4240,40.7,3765,36.1,2025,19.4,400,3.8,78215,45850,58.6,30880,67.4,10750,23.4,4220,9.2,110015,4900,4.5,61320,3710,6.1,34510,9980,28.9,203330,20565,10.1,36540,4145,11.3,42983,52938,33129,355697,20675,8750,42.4,66550,9215,13.9,66296,22.1,14.7,29300,13.7,20470,9.6,3810,18.6,1.8,11155,5.2,212295,13230,6.2,204090,36325,17.8,219467,214536,2.3,219465,43645,19.9,47345,21.6,109205,110265,1.0,78215,60660,77.6,87225,17970,42.4,8.8
5921,5921 Fraser East Health Service Delivery Area ,4.9,295755,287530,97.2,121285,41.0,106415,36.0,15385,5.2,52670,17.8,26.1,83215,12775,15.4,9985,12.0,2785,3.3,5.7,288580,17135,15200,88.7,6455,42.5,5315,35.0,2690,17.7,735,4.8,110610,59995,54.2,39515,65.9,13960,23.3,6525,10.9,149070,5745,3.9,76585,5880,7.7,36445,12270,33.7,280775,30345,10.8,62455,7505,12.0,40287,48856,32088,476586,28475,11805,41.5,74470,14100,18.9,69474,22.5,14.6,22125,7.7,58795,20.4,14835,25.2,5.1,58535,20.3,285255,18135,6.4,271145,46130,17.0,295763,277297,6.7,295755,71490,24.2,53270,18.0,146535,149220,1.0,110610,87350,79.0,102945,25900,41.5,6.7
5922,5922 Fraser North Health Service Delivery Area ,4.0,639245,639245,100.0,627275,98.1,0,0.0,0,0.0,11975,1.9,226.4,180265,28325,15.7,22805,12.7,5525,3.1,5.1,631980,44270,41805,94.4,11105,26.6,13150,31.5,14160,33.9,3390,8.1,278515,198465,71.3,91995,46.4,73130,36.8,33335,16.8,355515,11395,3.2,175560,23865,13.6,94610,38605,40.8,631670,108970,17.3,116230,20005,17.2,43940,52201,36119,810935,79950,34525,43.3,169100,41720,24.7,72993,21.0,9.6,17050,2.7,249965,39.6,70495,28.2,11.2,287905,45.6,625665,40340,6.4,600495,103645,17.3,639245,601908,6.2,639245,133520,20.9,93840,14.7,313005,326245,1.0,278515,225555,81.0,249050,76245,43.3,5.8
5923,5923 Fraser South Health Service Delivery Area ,4.3,784975,784975,100.0,609995,77.7,93730,11.9,55775,7.1,25475,3.2,937.8,221335,32125,14.5,25575,11.6,6555,3.0,6.1,774360,47085,43190,91.7,14760,34.2,14500,33.6,10925,25.3,3010,7.0,317950,196245,61.7,105265,53.6,61835,31.5,29150,14.9,416620,13680,3.3,205290,22975,11.2,84550,30440,36.0,772800,105245,13.6,164735,26810,16.3,43136,51867,34812,772504,71550,27595,38.6,196730,43955,22.4,79701,22.5,11.1,23095,3.0,283355,36.6,87945,31.0,11.4,363900,47.0,766160,37970,5.0,732290,100105,13.7,784977,718247,9.3,784980,187385,23.9,123130,15.7,385990,398985,1.0,317950,256700,80.7,268275,71550,38.6,6
5931,5931 Richmond Health Service Delivery Area ,3.4,198310,198305,100.0,197905,99.8,0,0.0,0,0.0,400,0.2,1534.1,57975,9710,16.7,8080,13.9,1635,2.8,4.3,196660,13850,13340,96.3,2985,22.4,3415,25.6,5580,41.8,1355,10.2,81970,59130,72.1,22030,37.3,26590,45.0,10510,17.8,102730,3640,3.5,55235,11480,20.8,22910,10430,45.5,196660,45035,22.9,33425,8325,24.9,38039,44062,32680,967385,18895,8870,47.1,54475,17395,32.0,65368,19.8,10.5,1595,0.8,118305,60.2,32820,27.7,16.7,150015,76.3,195000,6630,3.4,187785,15350,8.2,198309,190473,4.1,198310,38775,19.6,33645,17.0,94655,103650,0.9,81970,62930,76.8,73375,26265,47.1,5.9
5932,5932 Vancouver Health Service Delivery Area ,5.4,649025,649025,100.0,648510,99.9,0,0.0,0,0.0,515,0.1,4942.6,164975,26515,16.1,21830,13.2,4680,2.8,6.4,633895,64110,62070,96.8,11635,18.7,14250,23.0,26630,42.9,9545,15.4,313755,239545,76.3,79240,33.1,102820,42.9,57490,24.0,377605,11515,3.0,161480,24260,15.0,162440,67905,41.8,632240,135915,21.5,88540,17130,19.3,50267,58358,42685,1410609,154000,68685,44.7,135925,38230,28.2,65076,17.2,7.5,14870,2.3,269985,42.6,73895,27.4,11.7,328885,51.9,628275,24780,3.9,608325,68810,11.3,649028,617848,5,649030,103495,15.9,99375,15.3,316915,332115,1.0,313755,255120,81.3,289920,106920,44.7,5.7
5933,5933 North Shore/Coast Garibaldi Health Service Delivery Area ,5.3,284400,230725,81.1,181150,63.7,0,0.0,64000,22.5,39250,13.8,5.5,81440,11565,14.2,9070,11.1,2495,3.1,6.1,279715,14430,13545,93.9,3965,29.3,4100,30.3,4335,32.0,1145,8.5,110195,82485,74.9,34905,42.3,30690,37.2,16895,20.5,152270,4595,3.0,77445,7335,9.5,43720,13550,31.0,268235,35140,13.1,50095,6745,13.5,60258,75647,45982,1181412,32260,14960,46.5,79510,18575,23.4,77061,16.9,8.0,14365,5.1,83195,29.7,24930,30.0,8.9,61985,22.2,277445,14145,5.1,267315,38260,14.3,284389,271296,4.8,284400,59175,20.8,55985,19.7,137980,146420,0.9,110195,89545,81.3,111765,33535,46.5,5.7
5941,5941 South Vancouver Island Health Service Delivery Area ,5.1,383360,367770,95.9,335690,87.6,0,0.0,9270,2.4,38400,10.0,163.8,106340,15385,14.5,11945,11.2,3440,3.2,5.0,372875,24120,22035,91.4,7110,32.3,6485,29.4,6760,30.7,1680,7.6,145695,100635,69.1,49065,48.8,33955,33.7,17610,17.5,205935,6125,3.0,104380,6750,6.5,81245,26090,32.1,367675,44885,12.2,58840,6750,11.5,48004,56068,40608,634182,61900,27460,44.5,105280,20085,19.1,69642,21.2,10.9,17875,4.8,68925,18.5,14845,21.5,4.0,50990,13.7,369780,20575,5.6,356820,55945,15.7,383360,359991,6.5,383360,68865,18.0,83090,21.7,184900,198460,0.9,145695,121210,83.2,167185,47545,44.5,5.6
5942,5942 Central Vancouver Island Health Service Delivery Area ,5.5,270815,258830,95.6,0,0.0,92000,34.0,103010,38.0,75805,28.0,22.2,80905,12165,15.0,9245,11.4,2920,3.6,6.0,264070,12620,10730,85.0,4395,41.0,3955,36.9,1960,18.3,410,3.8,89690,54145,60.4,36120,66.7,12385,22.9,5645,10.4,127430,5600,4.4,78485,5835,7.4,46415,14210,30.6,257020,30910,12.0,42490,6550,15.4,41331,49403,33707,418203,29075,13620,46.9,85955,13920,16.2,62311,22.3,16.5,26330,10.0,37000,14.0,5405,14.6,2.0,16160,6.1,262075,17755,6.8,252530,49915,19.8,270817,258393,4.8,270815,50665,18.7,69045,25.5,132075,138740,1.0,89690,69320,77.3,115030,27540,46.9,7.9
5943,5943 North Vancouver Island Health Service Delivery Area ,4.8,122235,104390,85.4,0,0.0,80150,65.6,10695,8.7,31385,25.7,3.0,36540,5450,14.9,4150,11.4,1295,3.5,5.4,120040,5535,4720,85.3,1955,41.4,1815,38.5,785,16.6,160,3.4,41740,24765,59.3,16870,68.1,5440,22.0,2460,9.9,59495,2695,4.5,35350,2675,7.6,21035,6080,28.9,116785,13830,11.8,20595,3290,16.0,41692,50886,32863,366613,13240,5725,43.3,39230,5690,14.5,62501,22.8,16.3,13025,10.9,13825,11.5,2035,14.7,1.7,5220,4.3,118990,8450,7.1,114610,22545,19.7,122233,118296,3.3,122230,24235,19.8,28575,23.4,60060,62175,1.0,41740,32545,78.0,52470,11415,43.3,8.8
5951,5951 Northwest Health Service Delivery Area ,6.4,71545,31580,44.1,0,0.0,0,0.0,40425,56.5,31125,43.5,0.3,20505,3740,18.2,2645,12.9,1095,5.3,8.1,70765,4420,3600,81.4,1500,41.7,1405,39.0,580,16.1,120,3.3,27990,15185,54.3,10565,69.6,3280,21.6,1345,8.9,38085,2680,7.0,17575,1065,6.1,9425,1960,20.8,60870,5345,8.8,13235,1545,11.7,44573,53900,34847,293261,6865,2175,31.7,18290,1740,9.5,71591,22.4,13.2,22895,32.4,7240,10.2,1210,16.7,1.7,3980,5.6,69970,4080,5.8,66495,11110,16.7,71553,72391,-1.2,71550,17690,24.7,10625,14.8,36420,35125,1.0,27990,20890,74.6,25150,3915,31.7,12.7
5952,5952 Northern Interior Health Service Delivery Area ,4.9,140450,109820,78.2,0,0.0,65515,46.6,20750,14.8,54195,38.6,0.8,40335,6815,16.9,5050,12.5,1765,4.4,7.2,138345,9060,7790,86.0,3295,42.3,2645,34.0,1550,19.9,300,3.9,55250,30155,54.6,20340,67.5,6855,22.7,2970,9.8,76055,3580,4.7,39030,2490,6.4,21640,5880,27.2,134490,13285,9.9,28320,3355,11.8,46522,57854,34903,265389,14365,5250,36.6,40970,3910,9.6,74445,22.6,12.0,23005,16.6,12880,9.3,2660,20.7,1.9,8710,6.3,136780,6255,4.6,130655,17410,13.3,140452,138994,1,140450,33215,23.6,21345,15.2,71085,69370,1.0,55250,42870,77.6,55335,9160,36.6,10.2
5953,5953 Northeast Health Service Delivery Area ,5.5,67885,47285,69.7,0,0.0,0,0.0,36820,54.2,31070,45.8,0.4,18625,2810,15.1,2040,11.0,780,4.2,9.3,66375,5520,4550,82.4,1855,40.8,1755,38.6,795,17.5,150,3.3,29065,15035,51.7,11130,74.0,3000,20.0,905,6.0,38050,1985,5.2,18195,890,4.9,9795,1570,16.0,64690,4215,6.5,16200,1245,7.7,57011,74139,38614,371331,7320,2235,30.6,17295,1950,11.3,94037,23.2,7.1,10475,15.8,5535,8.3,2450,44.3,3.7,4370,6.6,65305,3645,5.6,61350,11140,18.2,67885,65471,3.7,67890,18685,27.5,6810,10.0,34885,33005,1.1,29065,22145,76.2,24610,4190,30.6,12.2
60,Yukon ,6.7,35875,28225,78.7,0,0.0,0,0.0,21735,60.6,14135,39.4,0.1,9845,1870,19.0,1385,14.1,485,4.9,6.8,35110,2505,2225,88.8,720,32.4,815,36.6,590,26.5,105,4.7,15605,10810,69.3,5805,53.7,3360,31.1,1640,15.2,21795,1210,5.6,0,0,#DIV/0!,0,0,#DIV/0!,0,0,#DIV/0!,0,0,#DIV/0!,53809,57649,50023,371716,5005,1460,29.4,9590,1215,12.7,84631,22.6,8.9,8195,23.3,4410,12.6,1840,41.7,5.2,3000,8.5,34700,1945,5.6,32990,5515,16.7,35874,33897,5.8,35875,8215,22.9,4255,11.9,18080,17795,1.0,15605,13005,83.3,14595,2680,29.4,9.2
6001,6001 Yukon ,6.7,35875,28225,78.7,0,0.0,0,0.0,21735,60.6,14140,39.4,0.1,9845,1870,19.0,1390,14.1,485,4.9,6.8,35115,2505,2225,88.8,715,32.1,810,36.4,590,26.5,105,4.7,15605,10810,69.3,5805,53.7,3365,31.1,1640,15.2,21795,1215,5.6,0,0,#DIV/0!,0,0,#DIV/0!,0,0,#DIV/0!,0,0,#DIV/0!,53809,57649,50023,371716,5005,1465,29.4,9590,1215,12.7,84631,22.6,8.9,8195,23.3,4410,12.6,1840,41.7,5.2,3000,8.5,34700,1945,5.6,32985,5510,16.7,35874,33897,5.8,35875,8210,22.9,4260,11.9,18080,17800,1.0,15605,13005,83.3,14595,2680,29.4,9.2
61,Northwest Territories / Territoires du Nord-Ouest ,7.5,41785,19570,46.8,0,0.0,0,0.0,26785,64.1,15005,35.9,0.0,11105,2415,21.7,1785,16.1,625,5.6,8.8,41135,3425,2610,76.2,975,37.4,835,32.0,685,26.2,115,4.4,18760,11250,60.0,6465,57.5,3405,30.3,1380,12.3,23945,1580,6.6,0,0,#DIV/0!,0,0,#DIV/0!,0,0,#DIV/0!,0,0,#DIV/0!,64586,70000,58918,346427,6900,1125,16.3,7975,720,9.0,117723,22.1,7.4,20860,50.7,3685,9.0,1440,39.1,3.5,3955,9.6,40530,2570,6.3,38035,6755,17.8,41786,41462,0.8,41785,11590,27.7,3225,7.7,21275,20505,1.0,18760,14735,78.5,14875,1845,16.3,10.6
6101,6101 Northwest Territories / Territoires du Nord-Ouest ,7.5,41785,19565,46.8,0,0.0,0,0.0,26780,64.1,15005,35.9,0.0,11105,2410,21.7,1790,16.1,625,5.6,8.8,41135,3425,2610,76.2,975,37.4,835,32.0,690,26.4,120,4.6,18760,11250,60.0,6465,57.5,3405,30.3,1380,12.3,23945,1580,6.6,0,0,#DIV/0!,0,0,#DIV/0!,0,0,#DIV/0!,0,0,#DIV/0!,64586,70000,58918,346427,6900,1125,16.2,7975,720,9.1,117723,22.1,7.4,20860,50.7,3685,9.0,1440,39.1,3.5,3955,9.6,40525,2565,6.3,38035,6755,17.8,41786,41462,0.8,41785,11590,27.7,3225,7.7,21275,20510,1.0,18760,14740,78.6,14875,1845,16.2,10.6
62,Nunavut ,7.9,35940,0,0.0,0,0.0,0,0.0,17595,48.9,18350,51.1,0.0,8785,2550,29.0,1820,20.7,730,8.3,8.7,35580,3135,1465,46.7,685,46.8,490,33.4,225,15.4,65,4.4,14140,6085,43.0,4140,68.0,1300,21.4,645,10.6,16340,2730,16.7,0,0,#DIV/0!,0,0,#DIV/0!,0,0,#DIV/0!,0,0,#DIV/0!,50689,50882,50492,352070,7860,410,5.3,1955,160,7.9,97441,20.7,11.9,30550,85.9,920,2.6,340,37.0,1.0,910,2.6,34880,1785,5.1,31430,4045,12.9,35944,31906,12.7,35945,14825,41.2,1365,3.8,18395,17550,1.0,14140,8775,62.1,9820,565,5.3,21.5
6201,6201 Nunavut ,7.9,35945,0,0.0,0,0.0,0,0.0,17600,49.0,18345,51.0,0.0,8780,2555,29.1,1820,20.7,735,8.4,8.7,35580,3140,1465,46.7,685,46.8,490,33.4,230,15.7,60,4.1,14140,6090,43.1,4140,68.0,1300,21.3,650,10.7,16340,2730,16.7,0,0,#DIV/0!,0,0,#DIV/0!,0,0,#DIV/0!,0,0,#DIV/0!,50689,50882,50492,352070,7865,415,5.2,1960,155,8.2,97441,20.7,11.9,30555,85.9,920,2.6,340,37.0,1.0,910,2.6,34875,1785,5.1,31435,4045,12.9,35944,31906,12.7,35945,14825,41.2,1365,3.8,18395,17555,1.0,14140,8770,62.0,9815,570,5.2,21.5
